Workbook

Sheet Instructions
A1: Open Library R2+A1 split-edition human audit v1
A3: Field | B3: Value
A4: Review packet freeze commit | B4: 32d95c3de27eabee635cb54e930f7c791a6822b3
A5: Frozen raw LLM routing commit | B5: 9d4a2d0ce50cc5335e06672732aa060d3a3be124
A6: Review cases | B6: 118
A7: Project works | B7: 17
A8: Fixed components | B8: 82
A9: LLM row-level answers shown? | B9: No — intentionally withheld
A11: How to review
A12: 1 | B12: Review only the bibliographic evidence shown in the Review sheet and the fixed component definitions in Components.
A13: 2 | B13: Fill the yellow columns: human_routing_decision, human_component_id, human_confidence, human_note.
A14: 3 | B14: ASSIGN_COMPONENT: choose exactly one component belonging to the same project_work_id.
A15: 4 | B15: HOLD_UNRESOLVED: leave human_component_id blank when the available evidence is insufficient.
A16: 5 | B16: REGISTRY_ISSUE: use when the fixed component ontology itself is inadequate; leave component blank and explain in human_note.
A17: 6 | B17: DETACH means detach from the erroneous predecessor grouping; it is not a corpus-scope exclusion.
A18: 7 | B18: EXCLUDE_APPARATUS applies only to components already defined as catalogue/study/apparatus by the frozen human plan.
A19: 8 | B19: Do not decompose an omnibus or anthology into constituent literary works. Route the edition as a publication-level unit.
A20: 9 | B20: This 118-row packet combines targeted review and a deterministic validation sample; do not treat it as a simple random sample of all 508 editions.
A22: Selection composition
A23: Selection stage | B23: New rows
A24: All LOW/MEDIUM frozen LLM confidence | B24: 57
A25: All DETACH / EXCLUDE_APPARATUS assignments | B25: 28
A26: HIGH primary-successor sample | B26: 3
A27: HIGH assignment sample | B27: 17
A28: HIGH HOLD sample | B28: 13
A29: Total | B29: 118

Sheet Review
A1: audit_case_id | B1: priority_rank | C1: project_work_id | D1: target_title | E1: target_author | F1: current_ol_work_id | G1: edition_key | H1: edition_title | I1: edition_subtitle | J1: publish_date | K1: publishers | L1: edition_author_keys | M1: pages | N1: human_resolution_confidence | O1: human_routing_decision | P1: human_component_id | Q1: human_confidence | R1: human_note | S1: selected_component_label | T1: selected_role_hint | U1: row_qc
A2: SERH0001 | B2: 1 | C2: W000014024 | D2: Henry James | E2: Henry James | F2: OL276471W | G2: OL19324269M | H2: Henry James | I2: representative selections | J2: 1966 | K2: University of Illinois Press | L2: /authors/OL21001A | N2: HIGH | O2: ASSIGN_COMPONENT | P2: W000014024_C08 | Q2: MEDIUM | R2: Subtitle 'representative selections' matches C08; 1966 University of Illinois Press issue is plausibly a reprint of the 1941 selection but equivalence is not shown. | S2: =IF(P2="","",IFERROR(VLOOKUP(P2,Components!$E$2:$H$83,3,FALSE()),"INVALID")) -> Representative selections | T2: =IF(P2="","",IFERROR(VLOOKUP(P2,Components!$E$2:$H$83,4,FALSE()),"INVALID")) -> SUCCESSOR | U2: =IF(O2="","",IF(O2="ASSIGN_COMPONENT",IF(P2<>"","OK","CHECK: component required"),IF(O2="HOLD_UNRESOLVED",IF(P2="","OK","CHECK: clear component"),IF(O2="REGISTRY_ISSUE",IF(R2<>"","OK","CHECK: note required"),"CHECK")))) -> OK
A3: SERH0002 | B3: 1 | C3: W000014024 | D3: Henry James | E3: Henry James | F3: OL276471W | G3: OL1090575M | H3: Henry James | I3: selected works. | J3: 1994 | K3: Gramercy Books || Distributed by Random House Value Pub. || Gramercy | L3: /authors/OL21001A | M3: 655 | N3: HIGH | O3: HOLD_UNRESOLVED | Q3: MEDIUM | R3: 'selected works.' (Gramercy 1994, 655 pp) has no contents listed. Likely a fiction omnibus (C05) but could be a mixed selection; no component for generic selected works. | S3: =IF(P3="","",IFERROR(VLOOKUP(P3,Components!$E$2:$H$83,3,FALSE()),"INVALID")) | T3: =IF(P3="","",IFERROR(VLOOKUP(P3,Components!$E$2:$H$83,4,FALSE()),"INVALID")) | U3: =IF(O3="","",IF(O3="ASSIGN_COMPONENT",IF(P3<>"","OK","CHECK: component required"),IF(O3="HOLD_UNRESOLVED",IF(P3="","OK","CHECK: clear component"),IF(O3="REGISTRY_ISSUE",IF(R3<>"","OK","CHECK: note required"),"CHECK")))) -> OK
A4: SERH0003 | B4: 1 | C4: W000014024 | D4: Henry James | E4: Henry James | F4: OL276471W | G4: OL7770273M | H4: Henry James | I4: Selected Fiction | J4: April 21, 1964 | K4: Dutton | L4: /authors/OL21001A | M4: 609 | N4: HIGH | O4: ASSIGN_COMPONENT | P4: W000014024_C05 | Q4: MEDIUM | R4: 'Selected Fiction' (Dutton 1964, 609 pp) fits the selected-fiction omnibus component by label; constituent works not listed. | S4: =IF(P4="","",IFERROR(VLOOKUP(P4,Components!$E$2:$H$83,3,FALSE()),"INVALID")) -> Selected-fiction / selected-novels omnibus | T4: =IF(P4="","",IFERROR(VLOOKUP(P4,Components!$E$2:$H$83,4,FALSE()),"INVALID")) -> SUCCESSOR | U4: =IF(O4="","",IF(O4="ASSIGN_COMPONENT",IF(P4<>"","OK","CHECK: component required"),IF(O4="HOLD_UNRESOLVED",IF(P4="","OK","CHECK: clear component"),IF(O4="REGISTRY_ISSUE",IF(R4<>"","OK","CHECK: note required"),"CHECK")))) -> OK
A5: SERH0004 | B5: 1 | C5: W000014024 | D5: Henry James | E5: Henry James | F5: OL276471W | G5: OL7692691M | H5: Henry James | I5: Selected Letters | J5: February 1, 1990 | K5: Belknap Press | L5: /authors/OL21001A | M5: 490 | N5: HIGH | O5: REGISTRY_ISSUE | Q5: MEDIUM | R5: 'Selected Letters' (Belknap 1990) is a letters selection distinct from both C02 (Benson/Monod) and C03 (A Life in Letters). Ontology lacks a general selected-letters component. | S5: =IF(P5="","",IFERROR(VLOOKUP(P5,Components!$E$2:$H$83,3,FALSE()),"INVALID")) | T5: =IF(P5="","",IFERROR(VLOOKUP(P5,Components!$E$2:$H$83,4,FALSE()),"INVALID")) | U5: =IF(O5="","",IF(O5="ASSIGN_COMPONENT",IF(P5<>"","OK","CHECK: component required"),IF(O5="HOLD_UNRESOLVED",IF(P5="","OK","CHECK: clear component"),IF(O5="REGISTRY_ISSUE",IF(R5<>"","OK","CHECK: note required"),"CHECK")))) -> OK
A6: SERH0005 | B6: 1 | C6: W000014024 | D6: Henry James | E6: Henry James | F6: OL276471W | G6: OL9800227M | H6: Henry James | J6: June 19, 2000 | K6: Penguin Books | L6: /authors/OL21001A | M6: 704 | N6: HIGH | O6: HOLD_UNRESOLVED | Q6: MEDIUM | R6: No subtitle. Penguin 2000, 704 pp; the frozen record lists 'A Life in Letters (Penguin Classics)' with a June 19, 2000 date, so C03 is likely, but this row itself shows no content evidence. | S6: =IF(P6="","",IFERROR(VLOOKUP(P6,Components!$E$2:$H$83,3,FALSE()),"INVALID")) | T6: =IF(P6="","",IFERROR(VLOOKUP(P6,Components!$E$2:$H$83,4,FALSE()),"INVALID")) | U6: =IF(O6="","",IF(O6="ASSIGN_COMPONENT",IF(P6<>"","OK","CHECK: component required"),IF(O6="HOLD_UNRESOLVED",IF(P6="","OK","CHECK: clear component"),IF(O6="REGISTRY_ISSUE",IF(R6<>"","OK","CHECK: note required"),"CHECK")))) -> OK
A7: SERH0006 | B7: 2 | C7: W000031472 | D7: Galen | E7: Galen | F7: OL988425W | G7: OL24290200M | H7: Galen | J7: 2003 | K7: Cambridge University Press | N7: HIGH | O7: HOLD_UNRESOLVED | Q7: MEDIUM | R7: No subtitle, no author key; CUP 2003 could be any of the three Cambridge treatise editions. | S7: =IF(P7="","",IFERROR(VLOOKUP(P7,Components!$E$2:$H$83,3,FALSE()),"INVALID")) | T7: =IF(P7="","",IFERROR(VLOOKUP(P7,Components!$E$2:$H$83,4,FALSE()),"INVALID")) | U7: =IF(O7="","",IF(O7="ASSIGN_COMPONENT",IF(P7<>"","OK","CHECK: component required"),IF(O7="HOLD_UNRESOLVED",IF(P7="","OK","CHECK: clear component"),IF(O7="REGISTRY_ISSUE",IF(R7<>"","OK","CHECK: note required"),"CHECK")))) -> OK
A8: SERH0007 | B8: 2 | C8: W000031472 | D8: Galen | E8: Galen | F8: OL988425W | G8: OL7748277M | H8: Galen | I8: On Antecedent Causes (Cambridge Classical Texts and Commentaries) | J8: June 10, 2004 | K8: Cambridge University Press | L8: /authors/OL91410A | M8: 365 | N8: HIGH | O8: ASSIGN_COMPONENT | P8: W000031472_C03 | Q8: HIGH | R8: Subtitle names On Antecedent Causes. | S8: =IF(P8="","",IFERROR(VLOOKUP(P8,Components!$E$2:$H$83,3,FALSE()),"INVALID")) -> On Antecedent Causes | T8: =IF(P8="","",IFERROR(VLOOKUP(P8,Components!$E$2:$H$83,4,FALSE()),"INVALID")) -> SUCCESSOR | U8: =IF(O8="","",IF(O8="ASSIGN_COMPONENT",IF(P8<>"","OK","CHECK: component required"),IF(O8="HOLD_UNRESOLVED",IF(P8="","OK","CHECK: clear component"),IF(O8="REGISTRY_ISSUE",IF(R8<>"","OK","CHECK: note required"),"CHECK")))) -> OK
A9: SERH0008 | B9: 3 | C9: W000030498 | D9: D.H. Lawrence | E9: D. H. Lawrence | F9: OL7965965W | G9: OL19834864M | H9: D.H. Lawrence. | J9: 1928 | K9: E. Benn | L9: /authors/OL19964A | M9: 31 | N9: HIGH | O9: ASSIGN_COMPONENT | P9: W000030498_C01 | Q9: MEDIUM | R9: No subtitle, but a 31-page E. Benn 1928 pamphlet corresponds to the 1928 'selected poems' line in the frozen record (same pattern as the Benn 1921 Emerson pamphlet). Short poetry selection; title-only evidence. | S9: =IF(P9="","",IFERROR(VLOOKUP(P9,Components!$E$2:$H$83,3,FALSE()),"INVALID")) -> Selected Poems | T9: =IF(P9="","",IFERROR(VLOOKUP(P9,Components!$E$2:$H$83,4,FALSE()),"INVALID")) -> SUCCESSOR | U9: =IF(O9="","",IF(O9="ASSIGN_COMPONENT",IF(P9<>"","OK","CHECK: component required"),IF(O9="HOLD_UNRESOLVED",IF(P9="","OK","CHECK: clear component"),IF(O9="REGISTRY_ISSUE",IF(R9<>"","OK","CHECK: note required"),"CHECK")))) -> OK
A10: SERH0009 | B10: 3 | C10: W000030498 | D10: D.H. Lawrence | E10: D. H. Lawrence | F10: OL7965965W | G10: OL20573625M | H10: D.H. Lawrence. | J10: 1928 | K10: E. Benn | L10: /authors/OL19964A | M10: 31 | N10: HIGH | O10: ASSIGN_COMPONENT | P10: W000030498_C01 | Q10: MEDIUM | R10: No subtitle, but a 31-page E. Benn 1928 pamphlet corresponds to the 1928 'selected poems' line in the frozen record (same pattern as the Benn 1921 Emerson pamphlet). Short poetry selection; title-only evidence. | S10: =IF(P10="","",IFERROR(VLOOKUP(P10,Components!$E$2:$H$83,3,FALSE()),"INVALID")) -> Selected Poems | T10: =IF(P10="","",IFERROR(VLOOKUP(P10,Components!$E$2:$H$83,4,FALSE()),"INVALID")) -> SUCCESSOR | U10: =IF(O10="","",IF(O10="ASSIGN_COMPONENT",IF(P10<>"","OK","CHECK: component required"),IF(O10="HOLD_UNRESOLVED",IF(P10="","OK","CHECK: clear component"),IF(O10="REGISTRY_ISSUE",IF(R10<>"","OK","CHECK: note required"),"CHECK")))) -> OK
A11: SERH0010 | B11: 3 | C11: W000030498 | D11: D.H. Lawrence | E11: D. H. Lawrence | F11: OL7965965W | G11: OL19844723M | H11: D.H. Lawrence | I11: poems | J11: 1968 | K11: Macmillan | L11: /authors/OL19964A | M11: 120 | N11: HIGH | O11: ASSIGN_COMPONENT | P11: W000030498_C01 | Q11: HIGH | R11: Subtitle 'poems' (Macmillan 1968, 120 pp): a selected-poetry edition. | S11: =IF(P11="","",IFERROR(VLOOKUP(P11,Components!$E$2:$H$83,3,FALSE()),"INVALID")) -> Selected Poems | T11: =IF(P11="","",IFERROR(VLOOKUP(P11,Components!$E$2:$H$83,4,FALSE()),"INVALID")) -> SUCCESSOR | U11: =IF(O11="","",IF(O11="ASSIGN_COMPONENT",IF(P11<>"","OK","CHECK: component required"),IF(O11="HOLD_UNRESOLVED",IF(P11="","OK","CHECK: clear component"),IF(O11="REGISTRY_ISSUE",IF(R11<>"","OK","CHECK: note required"),"CHECK")))) -> OK
A12: SERH0011 | B12: 3 | C12: W000030498 | D12: D.H. Lawrence | E12: D. H. Lawrence | F12: OL7965965W | G12: OL4717145M | H12: D. H. Lawrence | I12: [poems]. | J12: 1977 | K12: Norwood Editions | L12: /authors/OL19964A | M12: 30 | N12: HIGH | O12: ASSIGN_COMPONENT | P12: W000030498_C01 | Q12: HIGH | R12: Subtitle '[poems]' (Norwood 1977, 30 pp): reprint-size poetry selection. | S12: =IF(P12="","",IFERROR(VLOOKUP(P12,Components!$E$2:$H$83,3,FALSE()),"INVALID")) -> Selected Poems | T12: =IF(P12="","",IFERROR(VLOOKUP(P12,Components!$E$2:$H$83,4,FALSE()),"INVALID")) -> SUCCESSOR | U12: =IF(O12="","",IF(O12="ASSIGN_COMPONENT",IF(P12<>"","OK","CHECK: component required"),IF(O12="HOLD_UNRESOLVED",IF(P12="","OK","CHECK: clear component"),IF(O12="REGISTRY_ISSUE",IF(R12<>"","OK","CHECK: note required"),"CHECK")))) -> OK
A13: SERH0012 | B13: 3 | C13: W000030498 | D13: D.H. Lawrence | E13: D. H. Lawrence | F13: OL7965965W | G13: OL1856256M | H13: D.H. Lawrence | I13: selected poetry and non-fictional prose | J13: 1991 | K13: Routledge | L13: /authors/OL19964A | M13: 258 | N13: HIGH | O13: REGISTRY_ISSUE | Q13: MEDIUM | R13: 'selected poetry and non-fictional prose' (Routledge 1991) mixes C01 (poetry) and C04 (criticism/prose); no mixed-selection component exists for Lawrence. | S13: =IF(P13="","",IFERROR(VLOOKUP(P13,Components!$E$2:$H$83,3,FALSE()),"INVALID")) | T13: =IF(P13="","",IFERROR(VLOOKUP(P13,Components!$E$2:$H$83,4,FALSE()),"INVALID")) | U13: =IF(O13="","",IF(O13="ASSIGN_COMPONENT",IF(P13<>"","OK","CHECK: component required"),IF(O13="HOLD_UNRESOLVED",IF(P13="","OK","CHECK: clear component"),IF(O13="REGISTRY_ISSUE",IF(R13<>"","OK","CHECK: note required"),"CHECK")))) -> OK
A14: SERH0013 | B14: 3 | C14: W000030498 | D14: D.H. Lawrence | E14: D. H. Lawrence | F14: OL7965965W | G14: OL15542824M | H14: D.H. Lawrence | I14: an exceptional collection of first editions, autograph material, manuscripts, original paintings, photographs, and association items | J14: 2002 | K14: Simon Finch Rare Books Limited | L14: /authors/OL19964A | M14: 175 | N14: HIGH | O14: ASSIGN_COMPONENT | P14: W000030498_C06 | Q14: HIGH | R14: Simon Finch Rare Books 2002 dealer's catalogue of first editions, manuscripts, paintings, etc.: analogous to the C06 catalogue component (EXCLUDE_APPARATUS). | S14: =IF(P14="","",IFERROR(VLOOKUP(P14,Components!$E$2:$H$83,3,FALSE()),"INVALID")) -> Rare-book catalogue | T14: =IF(P14="","",IFERROR(VLOOKUP(P14,Components!$E$2:$H$83,4,FALSE()),"INVALID")) -> EXCLUDE_APPARATUS | U14: =IF(O14="","",IF(O14="ASSIGN_COMPONENT",IF(P14<>"","OK","CHECK: component required"),IF(O14="HOLD_UNRESOLVED",IF(P14="","OK","CHECK: clear component"),IF(O14="REGISTRY_ISSUE",IF(R14<>"","OK","CHECK: note required"),"CHECK")))) -> OK
A15: SERH0014 | B15: 3 | C15: W000030498 | D15: D.H. Lawrence | E15: D. H. Lawrence | F15: OL7965965W | G15: OL9208520M | H15: D H Lawrence | I15: Sons and Lovers, the Fox, Love Among the Haystacks, Aaron's Rod, the Ladybird, Women in Love | J15: December 1989 | K15: Book Sales | L15: /authors/OL19964A | N15: HIGH | O15: ASSIGN_COMPONENT | P15: W000030498_C02 | Q15: HIGH | R15: Subtitle lists the six-work omnibus named in C02; route as one unit. | S15: =IF(P15="","",IFERROR(VLOOKUP(P15,Components!$E$2:$H$83,3,FALSE()),"INVALID")) -> Novel omnibus | T15: =IF(P15="","",IFERROR(VLOOKUP(P15,Components!$E$2:$H$83,4,FALSE()),"INVALID")) -> SUCCESSOR | U15: =IF(O15="","",IF(O15="ASSIGN_COMPONENT",IF(P15<>"","OK","CHECK: component required"),IF(O15="HOLD_UNRESOLVED",IF(P15="","OK","CHECK: clear component"),IF(O15="REGISTRY_ISSUE",IF(R15<>"","OK","CHECK: note required"),"CHECK")))) -> OK
A16: SERH0015 | B16: 4 | C16: W000023649 | D16: Ralph Waldo Emerson | E16: Ralph Waldo Emerson | F16: OL62231W | G16: OL15582404M | H16: Ralph Waldo Emerson | I16: passages from his writings | K16: Unity Office | L16: /authors/OL18405A | M16: 30 | N16: MEDIUM | O16: ASSIGN_COMPONENT | P16: W000023649_C01 | Q16: MEDIUM | R16: Subtitle 'passages from his writings' (Unity Office, 30 pp, undated) matches C01's wording, though the life sketch / reading guide is not mentioned. | S16: =IF(P16="","",IFERROR(VLOOKUP(P16,Components!$E$2:$H$83,3,FALSE()),"INVALID")) -> Passages from his writings | T16: =IF(P16="","",IFERROR(VLOOKUP(P16,Components!$E$2:$H$83,4,FALSE()),"INVALID")) -> SUCCESSOR | U16: =IF(O16="","",IF(O16="ASSIGN_COMPONENT",IF(P16<>"","OK","CHECK: component required"),IF(O16="HOLD_UNRESOLVED",IF(P16="","OK","CHECK: clear component"),IF(O16="REGISTRY_ISSUE",IF(R16<>"","OK","CHECK: note required"),"CHECK")))) -> OK
A17: SERH0016 | B17: 4 | C17: W000023649 | D17: Ralph Waldo Emerson | E17: Ralph Waldo Emerson | F17: OL62231W | G17: OL7106368M | H17: Ralph Waldo Emerson. | J17: 1921 | K17: Benn | L17: /authors/OL18405A | M17: 31 | N17: MEDIUM | O17: HOLD_UNRESOLVED | Q17: MEDIUM | R17: No subtitle; Benn 1921, 31 pp. A short pamphlet selection (likely poems) that fits none of the Emerson components clearly (C05 mixed prose/poetry is the nearest). | S17: =IF(P17="","",IFERROR(VLOOKUP(P17,Components!$E$2:$H$83,3,FALSE()),"INVALID")) | T17: =IF(P17="","",IFERROR(VLOOKUP(P17,Components!$E$2:$H$83,4,FALSE()),"INVALID")) | U17: =IF(O17="","",IF(O17="ASSIGN_COMPONENT",IF(P17<>"","OK","CHECK: component required"),IF(O17="HOLD_UNRESOLVED",IF(P17="","OK","CHECK: clear component"),IF(O17="REGISTRY_ISSUE",IF(R17<>"","OK","CHECK: note required"),"CHECK")))) -> OK
A18: SERH0017 | B18: 4 | C18: W000023649 | D18: Ralph Waldo Emerson | E18: Ralph Waldo Emerson | F18: OL62231W | G18: OL23265825M | H18: Ralph Waldo Emerson | I18: essays and journals. | J18: 1968 | K18: Doubleday | L18: /authors/OL18405A | M18: 671 | N18: MEDIUM | O18: ASSIGN_COMPONENT | P18: W000023649_C04 | Q18: HIGH | R18: Subtitle 'essays and journals.' (Doubleday 1968). | S18: =IF(P18="","",IFERROR(VLOOKUP(P18,Components!$E$2:$H$83,3,FALSE()),"INVALID")) -> Essays and journals | T18: =IF(P18="","",IFERROR(VLOOKUP(P18,Components!$E$2:$H$83,4,FALSE()),"INVALID")) -> SUCCESSOR | U18: =IF(O18="","",IF(O18="ASSIGN_COMPONENT",IF(P18<>"","OK","CHECK: component required"),IF(O18="HOLD_UNRESOLVED",IF(P18="","OK","CHECK: clear component"),IF(O18="REGISTRY_ISSUE",IF(R18<>"","OK","CHECK: note required"),"CHECK")))) -> OK
A19: SERH0018 | B19: 5 | C19: W000003023 | D19: Arnold | E19: Matthew Arnold | F19: OL1336767W | G19: OL19362026M | H19: Arnold | I19: poetry and prose | J19: 1946 | K19: (s.n.) | L19: /authors/OL136194A | N19: MEDIUM | O19: ASSIGN_COMPONENT | P19: W000003023_C01 | Q19: HIGH | R19: 'poetry and prose', 1946: the 1939/1946 selection defined as C01. | S19: =IF(P19="","",IFERROR(VLOOKUP(P19,Components!$E$2:$H$83,3,FALSE()),"INVALID")) -> Poetry and prose | T19: =IF(P19="","",IFERROR(VLOOKUP(P19,Components!$E$2:$H$83,4,FALSE()),"INVALID")) -> SUCCESSOR | U19: =IF(O19="","",IF(O19="ASSIGN_COMPONENT",IF(P19<>"","OK","CHECK: component required"),IF(O19="HOLD_UNRESOLVED",IF(P19="","OK","CHECK: clear component"),IF(O19="REGISTRY_ISSUE",IF(R19<>"","OK","CHECK: note required"),"CHECK")))) -> OK
A20: SERH0019 | B20: 5 | C20: W000003023 | D20: Arnold | E20: Matthew Arnold | F20: OL1336767W | G20: OL22304281M | H20: Arnold | I20: poems | J20: 1985 | K20: Penguin | L20: /authors/OL136194A | M20: 267 | N20: MEDIUM | O20: REGISTRY_ISSUE | Q20: MEDIUM | R20: 'poems' (Penguin 1985, 267 pp) is a poetry selection outside the Everyman's lineage that C02 is restricted to. Suggest widening C02 to 'Poems selections' or adding a Penguin poems component. | S20: =IF(P20="","",IFERROR(VLOOKUP(P20,Components!$E$2:$H$83,3,FALSE()),"INVALID")) | T20: =IF(P20="","",IFERROR(VLOOKUP(P20,Components!$E$2:$H$83,4,FALSE()),"INVALID")) | U20: =IF(O20="","",IF(O20="ASSIGN_COMPONENT",IF(P20<>"","OK","CHECK: component required"),IF(O20="HOLD_UNRESOLVED",IF(P20="","OK","CHECK: clear component"),IF(O20="REGISTRY_ISSUE",IF(R20<>"","OK","CHECK: note required"),"CHECK")))) -> OK
A21: SERH0020 | B21: 6 | C21: W000005351 | D21: Chaucer | E21: Geoffrey Chaucer | F21: OL15378100W | G21: OL13663209M | H21: Chaucer | J21: 1963 | K21: Dell | L21: /authors/OL37436A | N21: HIGH | O21: HOLD_UNRESOLVED | Q21: MEDIUM | R21: No subtitle; Dell 1963 paperback. Contents (Canterbury Tales selection vs other) not shown. | S21: =IF(P21="","",IFERROR(VLOOKUP(P21,Components!$E$2:$H$83,3,FALSE()),"INVALID")) | T21: =IF(P21="","",IFERROR(VLOOKUP(P21,Components!$E$2:$H$83,4,FALSE()),"INVALID")) | U21: =IF(O21="","",IF(O21="ASSIGN_COMPONENT",IF(P21<>"","OK","CHECK: component required"),IF(O21="HOLD_UNRESOLVED",IF(P21="","OK","CHECK: clear component"),IF(O21="REGISTRY_ISSUE",IF(R21<>"","OK","CHECK: note required"),"CHECK")))) -> OK
A22: SERH0021 | B22: 6 | C22: W000005351 | D22: Chaucer | E22: Geoffrey Chaucer | F22: OL15378100W | G22: OL5890008M | H22: Chaucer. | J22: 1963 | K22: Dell Pub. Co. | L22: /authors/OL37436A | M22: 352 | N22: HIGH | O22: HOLD_UNRESOLVED | Q22: MEDIUM | R22: No subtitle; Dell 1963 paperback. Contents (Canterbury Tales selection vs other) not shown. | S22: =IF(P22="","",IFERROR(VLOOKUP(P22,Components!$E$2:$H$83,3,FALSE()),"INVALID")) | T22: =IF(P22="","",IFERROR(VLOOKUP(P22,Components!$E$2:$H$83,4,FALSE()),"INVALID")) | U22: =IF(O22="","",IF(O22="ASSIGN_COMPONENT",IF(P22<>"","OK","CHECK: component required"),IF(O22="HOLD_UNRESOLVED",IF(P22="","OK","CHECK: clear component"),IF(O22="REGISTRY_ISSUE",IF(R22<>"","OK","CHECK: note required"),"CHECK")))) -> OK
A23: SERH0022 | B23: 6 | C23: W000005351 | D23: Chaucer | E23: Geoffrey Chaucer | F23: OL15378100W | G23: OL21162256M | H23: Chaucer | I23: sources and backgrounds | J23: 1977 | K23: Oxford UniversityPress | L23: /authors/OL37436A | M23: 507 | N23: HIGH | O23: ASSIGN_COMPONENT | P23: W000005351_C04 | Q23: HIGH | R23: 'sources and backgrounds': study apparatus. | S23: =IF(P23="","",IFERROR(VLOOKUP(P23,Components!$E$2:$H$83,3,FALSE()),"INVALID")) -> Study apparatus / CD-ROM manual | T23: =IF(P23="","",IFERROR(VLOOKUP(P23,Components!$E$2:$H$83,4,FALSE()),"INVALID")) -> EXCLUDE_APPARATUS | U23: =IF(O23="","",IF(O23="ASSIGN_COMPONENT",IF(P23<>"","OK","CHECK: component required"),IF(O23="HOLD_UNRESOLVED",IF(P23="","OK","CHECK: clear component"),IF(O23="REGISTRY_ISSUE",IF(R23<>"","OK","CHECK: note required"),"CHECK")))) -> OK
A24: SERH0023 | B24: 6 | C24: W000005351 | D24: Chaucer | E24: Geoffrey Chaucer | F24: OL15378100W | G24: OL11928746M | H24: Chaucer | I24: The Prioresses Tale, Sir Thopas, The Monkes Tale, The Clerkes Tale, The Squieres Tale From The Canterbury Tales | J24: January 17, 2007 | K24: Kessinger Publishing, LLC | L24: /authors/OL37436A | M24: 540 | N24: HIGH | O24: ASSIGN_COMPONENT | P24: W000005351_C01 | Q24: HIGH | R24: Subtitle lists Prioress / Sir Thopas / Monk / Clerk / Squire tales from the Canterbury Tales. | S24: =IF(P24="","",IFERROR(VLOOKUP(P24,Components!$E$2:$H$83,3,FALSE()),"INVALID")) -> Canterbury Tales selections | T24: =IF(P24="","",IFERROR(VLOOKUP(P24,Components!$E$2:$H$83,4,FALSE()),"INVALID")) -> SUCCESSOR | U24: =IF(O24="","",IF(O24="ASSIGN_COMPONENT",IF(P24<>"","OK","CHECK: component required"),IF(O24="HOLD_UNRESOLVED",IF(P24="","OK","CHECK: clear component"),IF(O24="REGISTRY_ISSUE",IF(R24<>"","OK","CHECK: note required"),"CHECK")))) -> OK
A25: SERH0024 | B25: 6 | C25: W000005351 | D25: Chaucer | E25: Geoffrey Chaucer | F25: OL15378100W | G25: OL11067624M | H25: Chaucer | J25: January 24, 1948 | K25: Viking Adult | L25: /authors/OL37436A | N25: HIGH | O25: HOLD_UNRESOLVED | Q25: MEDIUM | R25: No subtitle; Viking 1948. Could be a broad portable selection; contents not shown. | S25: =IF(P25="","",IFERROR(VLOOKUP(P25,Components!$E$2:$H$83,3,FALSE()),"INVALID")) | T25: =IF(P25="","",IFERROR(VLOOKUP(P25,Components!$E$2:$H$83,4,FALSE()),"INVALID")) | U25: =IF(O25="","",IF(O25="ASSIGN_COMPONENT",IF(P25<>"","OK","CHECK: component required"),IF(O25="HOLD_UNRESOLVED",IF(P25="","OK","CHECK: clear component"),IF(O25="REGISTRY_ISSUE",IF(R25<>"","OK","CHECK: note required"),"CHECK")))) -> OK
A26: SERH0025 | B26: 6 | C26: W000005351 | D26: Chaucer | E26: Geoffrey Chaucer | F26: OL15378100W | G26: OL7741850M | H26: Chaucer | I26: The Wife of Bath's Prologue on CD-ROM (The Canterbury Tales on CD-ROM) | J26: June 13, 1996 | K26: Cambridge University Press | L26: /authors/OL37436A | M26: 80 | N26: HIGH | O26: ASSIGN_COMPONENT | P26: W000005351_C04 | Q26: MEDIUM | R26: 'The Wife of Bath's Prologue on CD-ROM': electronic scholarly edition packaged with its 80-page manual (SERH0026). Routed with the CD-ROM apparatus component; could alternatively be read as a C01 text selection. | S26: =IF(P26="","",IFERROR(VLOOKUP(P26,Components!$E$2:$H$83,3,FALSE()),"INVALID")) -> Study apparatus / CD-ROM manual | T26: =IF(P26="","",IFERROR(VLOOKUP(P26,Components!$E$2:$H$83,4,FALSE()),"INVALID")) -> EXCLUDE_APPARATUS | U26: =IF(O26="","",IF(O26="ASSIGN_COMPONENT",IF(P26<>"","OK","CHECK: component required"),IF(O26="HOLD_UNRESOLVED",IF(P26="","OK","CHECK: clear component"),IF(O26="REGISTRY_ISSUE",IF(R26<>"","OK","CHECK: note required"),"CHECK")))) -> OK
A27: SERH0026 | B27: 6 | C27: W000005351 | D27: Chaucer | E27: Geoffrey Chaucer | F27: OL15378100W | G27: OL7746561M | H27: Chaucer | I27: The Wife of Bath's Prologue CD-ROM Manual (The Canterbury Tales on CD-ROM) | J27: June 27, 1996 | K27: Cambridge University Press | L27: /authors/OL37436A | M27: 80 | N27: HIGH | O27: ASSIGN_COMPONENT | P27: W000005351_C04 | Q27: HIGH | R27: CD-ROM manual: apparatus by definition. | S27: =IF(P27="","",IFERROR(VLOOKUP(P27,Components!$E$2:$H$83,3,FALSE()),"INVALID")) -> Study apparatus / CD-ROM manual | T27: =IF(P27="","",IFERROR(VLOOKUP(P27,Components!$E$2:$H$83,4,FALSE()),"INVALID")) -> EXCLUDE_APPARATUS | U27: =IF(O27="","",IF(O27="ASSIGN_COMPONENT",IF(P27<>"","OK","CHECK: component required"),IF(O27="HOLD_UNRESOLVED",IF(P27="","OK","CHECK: clear component"),IF(O27="REGISTRY_ISSUE",IF(R27<>"","OK","CHECK: note required"),"CHECK")))) -> OK
A28: SERH0027 | B28: 7 | C28: W000013400 | D28: Hans Christian Andersen | E28: Hans Christian Andersen | F28: OL25506W | G28: OL13069955M | H28: Hans Christian Andersen | J28: January 1, 1996 | K28: Panamericana Editorial | L28: /authors/OL25931A | M28: 176 | N28: HIGH | O28: HOLD_UNRESOLVED | Q28: MEDIUM | R28: No subtitle; Panamericana Editorial 1996, 176 pp (Spanish-language publisher). Probably a tale selection but not evidenced. | S28: =IF(P28="","",IFERROR(VLOOKUP(P28,Components!$E$2:$H$83,3,FALSE()),"INVALID")) | T28: =IF(P28="","",IFERROR(VLOOKUP(P28,Components!$E$2:$H$83,4,FALSE()),"INVALID")) | U28: =IF(O28="","",IF(O28="ASSIGN_COMPONENT",IF(P28<>"","OK","CHECK: component required"),IF(O28="HOLD_UNRESOLVED",IF(P28="","OK","CHECK: clear component"),IF(O28="REGISTRY_ISSUE",IF(R28<>"","OK","CHECK: note required"),"CHECK")))) -> OK
A29: SERH0028 | B29: 7 | C29: W000013400 | D29: Hans Christian Andersen | E29: Hans Christian Andersen | F29: OL25506W | G29: OL7507523M | H29: Hans Christian Andersen | I29: Stories and Fairy Tales | J29: October 14, 1993 | K29: Mammoth | L29: /authors/OL25931A || /authors/OL988759A | M29: 96 | N29: HIGH | O29: ASSIGN_COMPONENT | P29: W000013400_C01 | Q29: HIGH | R29: 'Stories and Fairy Tales'. | S29: =IF(P29="","",IFERROR(VLOOKUP(P29,Components!$E$2:$H$83,3,FALSE()),"INVALID")) -> Fairy-tale / story collections | T29: =IF(P29="","",IFERROR(VLOOKUP(P29,Components!$E$2:$H$83,4,FALSE()),"INVALID")) -> SUCCESSOR | U29: =IF(O29="","",IF(O29="ASSIGN_COMPONENT",IF(P29<>"","OK","CHECK: component required"),IF(O29="HOLD_UNRESOLVED",IF(P29="","OK","CHECK: clear component"),IF(O29="REGISTRY_ISSUE",IF(R29<>"","OK","CHECK: note required"),"CHECK")))) -> OK
A30: SERH0029 | B30: 8 | C30: W000014515 | D30: Louisa May Alcott | E30: Louisa May Alcott | F30: OL29984W | G30: OL23255939M | H30: Louisa May Alcott | J30: 1980 | K30: Chelsea House | L30: /authors/OL26680A | M30: 404 | N30: HIGH | O30: HOLD_UNRESOLVED | Q30: MEDIUM | R30: No subtitle; Chelsea House 1980, 404 pp. Could be the Chelsea House biographical series (C05) or a Chelsea House reissue of Cheney's Life, Letters, and Journals (C01, similar length). The registry may be treating a Cheney reissue as a separate biography; verify before routing. | S30: =IF(P30="","",IFERROR(VLOOKUP(P30,Components!$E$2:$H$83,3,FALSE()),"INVALID")) | T30: =IF(P30="","",IFERROR(VLOOKUP(P30,Components!$E$2:$H$83,4,FALSE()),"INVALID")) | U30: =IF(O30="","",IF(O30="ASSIGN_COMPONENT",IF(P30<>"","OK","CHECK: component required"),IF(O30="HOLD_UNRESOLVED",IF(P30="","OK","CHECK: clear component"),IF(O30="REGISTRY_ISSUE",IF(R30<>"","OK","CHECK: note required"),"CHECK")))) -> OK
A31: SERH0030 | B31: 8 | C31: W000014515 | D31: Louisa May Alcott | E31: Louisa May Alcott | F31: OL29984W | G31: OL4104648M | H31: Louisa May Alcott | J31: 1980 | K31: Chelsea House | L31: /authors/OL26680A | M31: 404 | N31: HIGH | O31: HOLD_UNRESOLVED | Q31: MEDIUM | R31: No subtitle; Chelsea House 1980, 404 pp. Could be the Chelsea House biographical series (C05) or a Chelsea House reissue of Cheney's Life, Letters, and Journals (C01, similar length). The registry may be treating a Cheney reissue as a separate biography; verify before routing. | S31: =IF(P31="","",IFERROR(VLOOKUP(P31,Components!$E$2:$H$83,3,FALSE()),"INVALID")) | T31: =IF(P31="","",IFERROR(VLOOKUP(P31,Components!$E$2:$H$83,4,FALSE()),"INVALID")) | U31: =IF(O31="","",IF(O31="ASSIGN_COMPONENT",IF(P31<>"","OK","CHECK: component required"),IF(O31="HOLD_UNRESOLVED",IF(P31="","OK","CHECK: clear component"),IF(O31="REGISTRY_ISSUE",IF(R31<>"","OK","CHECK: note required"),"CHECK")))) -> OK
A32: SERH0031 | B32: 8 | C32: W000014515 | D32: Louisa May Alcott | E32: Louisa May Alcott | F32: OL29984W | G32: OL1874676M | H32: Louisa May Alcott | I32: selected fiction | J32: 1990 | K32: Little, Brown | L32: /authors/OL26680A | M32: 478 | N32: HIGH | O32: ASSIGN_COMPONENT | P32: W000014515_C03 | Q32: HIGH | R32: 'selected fiction' / 'Selected Fiction'. | S32: =IF(P32="","",IFERROR(VLOOKUP(P32,Components!$E$2:$H$83,3,FALSE()),"INVALID")) -> Works / Selected Fiction | T32: =IF(P32="","",IFERROR(VLOOKUP(P32,Components!$E$2:$H$83,4,FALSE()),"INVALID")) -> DETACH | U32: =IF(O32="","",IF(O32="ASSIGN_COMPONENT",IF(P32<>"","OK","CHECK: component required"),IF(O32="HOLD_UNRESOLVED",IF(P32="","OK","CHECK: clear component"),IF(O32="REGISTRY_ISSUE",IF(R32<>"","OK","CHECK: note required"),"CHECK")))) -> OK
A33: SERH0032 | B33: 8 | C33: W000014515 | D33: Louisa May Alcott | E33: Louisa May Alcott | F33: OL29984W | G33: OL670532M | H33: Louisa May Alcott | I33: an intimate anthology | J33: 1997 | K33: Doubleday | L33: /authors/OL26680A | M33: 369 | N33: HIGH | O33: ASSIGN_COMPONENT | P33: W000014515_C04 | Q33: HIGH | R33: 'an intimate anthology'. | S33: =IF(P33="","",IFERROR(VLOOKUP(P33,Components!$E$2:$H$83,3,FALSE()),"INVALID")) -> An intimate anthology | T33: =IF(P33="","",IFERROR(VLOOKUP(P33,Components!$E$2:$H$83,4,FALSE()),"INVALID")) -> DETACH | U33: =IF(O33="","",IF(O33="ASSIGN_COMPONENT",IF(P33<>"","OK","CHECK: component required"),IF(O33="HOLD_UNRESOLVED",IF(P33="","OK","CHECK: clear component"),IF(O33="REGISTRY_ISSUE",IF(R33<>"","OK","CHECK: note required"),"CHECK")))) -> OK
A34: SERH0033 | B34: 8 | C34: W000014515 | D34: Louisa May Alcott | E34: Louisa May Alcott | F34: OL29984W | G34: OL6791295M | H34: Louisa May Alcott | I34: selected fiction | J34: 2001 | K34: University of Georgia Press | L34: /authors/OL26680A | M34: 478 | N34: HIGH | O34: ASSIGN_COMPONENT | P34: W000014515_C03 | Q34: HIGH | R34: 'selected fiction' / 'Selected Fiction'. | S34: =IF(P34="","",IFERROR(VLOOKUP(P34,Components!$E$2:$H$83,3,FALSE()),"INVALID")) -> Works / Selected Fiction | T34: =IF(P34="","",IFERROR(VLOOKUP(P34,Components!$E$2:$H$83,4,FALSE()),"INVALID")) -> DETACH | U34: =IF(O34="","",IF(O34="ASSIGN_COMPONENT",IF(P34<>"","OK","CHECK: component required"),IF(O34="HOLD_UNRESOLVED",IF(P34="","OK","CHECK: clear component"),IF(O34="REGISTRY_ISSUE",IF(R34<>"","OK","CHECK: note required"),"CHECK")))) -> OK
A35: SERH0034 | B35: 8 | C35: W000014515 | D35: Louisa May Alcott | E35: Louisa May Alcott | F35: OL29984W | G35: OL23274548M | H35: Little women ; little men ; Jo's boys | J35: 2005 | K35: Library of America || Distributed to the trade in the U.S. by Penguin Putnam | L35: /authors/OL26680A | M35: 1092 | N35: HIGH | O35: ASSIGN_COMPONENT | P35: W000014515_C02 | Q35: HIGH | R35: Title is the Little Women / Little Men / Jo's Boys omnibus (Library of America). | S35: =IF(P35="","",IFERROR(VLOOKUP(P35,Components!$E$2:$H$83,3,FALSE()),"INVALID")) -> Little Women / Little Men / Jo's Boys omnibus | T35: =IF(P35="","",IFERROR(VLOOKUP(P35,Components!$E$2:$H$83,4,FALSE()),"INVALID")) -> DETACH | U35: =IF(O35="","",IF(O35="ASSIGN_COMPONENT",IF(P35<>"","OK","CHECK: component required"),IF(O35="HOLD_UNRESOLVED",IF(P35="","OK","CHECK: clear component"),IF(O35="REGISTRY_ISSUE",IF(R35<>"","OK","CHECK: note required"),"CHECK")))) -> OK
A36: SERH0035 | B36: 8 | C36: W000014515 | D36: Louisa May Alcott | E36: Louisa May Alcott | F36: OL29984W | G36: OL9519170M | H36: Louisa May Alcott Her Life, Letters, and Journals | J36: April 2003 | K36: Fredonia Books (NL) | L36: /authors/OL26680A | M36: 416 | N36: HIGH | O36: ASSIGN_COMPONENT | P36: W000014515_C01 | Q36: HIGH | R36: Title/subtitle 'Her Life, Letters, and Journals'. | S36: =IF(P36="","",IFERROR(VLOOKUP(P36,Components!$E$2:$H$83,3,FALSE()),"INVALID")) -> Her Life, Letters, and Journals | T36: =IF(P36="","",IFERROR(VLOOKUP(P36,Components!$E$2:$H$83,4,FALSE()),"INVALID")) -> PRIMARY_SUCCESSOR_HINT | U36: =IF(O36="","",IF(O36="ASSIGN_COMPONENT",IF(P36<>"","OK","CHECK: component required"),IF(O36="HOLD_UNRESOLVED",IF(P36="","OK","CHECK: clear component"),IF(O36="REGISTRY_ISSUE",IF(R36<>"","OK","CHECK: note required"),"CHECK")))) -> OK
A37: SERH0036 | B37: 8 | C37: W000014515 | D37: Louisa May Alcott | E37: Louisa May Alcott | F37: OL29984W | G37: OL9896241M | H37: Louisa May Alcott | I37: Selected Fiction | J37: February 1991 | K37: Little Brown & Co (T) | L37: /authors/OL26680A || /authors/OL20936A || /authors/OL2866635A | M37: 320 | N37: HIGH | O37: ASSIGN_COMPONENT | P37: W000014515_C03 | Q37: HIGH | R37: 'selected fiction' / 'Selected Fiction'. | S37: =IF(P37="","",IFERROR(VLOOKUP(P37,Components!$E$2:$H$83,3,FALSE()),"INVALID")) -> Works / Selected Fiction | T37: =IF(P37="","",IFERROR(VLOOKUP(P37,Components!$E$2:$H$83,4,FALSE()),"INVALID")) -> DETACH | U37: =IF(O37="","",IF(O37="ASSIGN_COMPONENT",IF(P37<>"","OK","CHECK: component required"),IF(O37="HOLD_UNRESOLVED",IF(P37="","OK","CHECK: clear component"),IF(O37="REGISTRY_ISSUE",IF(R37<>"","OK","CHECK: note required"),"CHECK")))) -> OK
A38: SERH0037 | B38: 8 | C38: W000014515 | D38: Louisa May Alcott | E38: Louisa May Alcott | F38: OL29984W | G38: OL8192995M | H38: Works of Louisa May Alcott | J38: June 1986 | K38: Amereon Ltd | L38: /authors/OL26680A | N38: HIGH | O38: ASSIGN_COMPONENT | P38: W000014515_C03 | Q38: HIGH | R38: 'Works of Louisa May Alcott'. | S38: =IF(P38="","",IFERROR(VLOOKUP(P38,Components!$E$2:$H$83,3,FALSE()),"INVALID")) -> Works / Selected Fiction | T38: =IF(P38="","",IFERROR(VLOOKUP(P38,Components!$E$2:$H$83,4,FALSE()),"INVALID")) -> DETACH | U38: =IF(O38="","",IF(O38="ASSIGN_COMPONENT",IF(P38<>"","OK","CHECK: component required"),IF(O38="HOLD_UNRESOLVED",IF(P38="","OK","CHECK: clear component"),IF(O38="REGISTRY_ISSUE",IF(R38<>"","OK","CHECK: note required"),"CHECK")))) -> OK
A39: SERH0038 | B39: 8 | C39: W000014515 | D39: Louisa May Alcott | E39: Louisa May Alcott | F39: OL29984W | G39: OL9536147M | H39: Louisa May Alcott (American Men & Women of Letters) | J39: May 2004 | K39: Chelsea House Publications | N39: HIGH | O39: ASSIGN_COMPONENT | P39: W000014515_C05 | Q39: HIGH | R39: Title carries the 'American Men & Women of Letters' series; assigned per the C05 definition. Note that this series volume may itself be a reissue of Cheney (C01). | S39: =IF(P39="","",IFERROR(VLOOKUP(P39,Components!$E$2:$H$83,3,FALSE()),"INVALID")) -> American Men & Women of Letters biography | T39: =IF(P39="","",IFERROR(VLOOKUP(P39,Components!$E$2:$H$83,4,FALSE()),"INVALID")) -> DETACH | U39: =IF(O39="","",IF(O39="ASSIGN_COMPONENT",IF(P39<>"","OK","CHECK: component required"),IF(O39="HOLD_UNRESOLVED",IF(P39="","OK","CHECK: clear component"),IF(O39="REGISTRY_ISSUE",IF(R39<>"","OK","CHECK: note required"),"CHECK")))) -> OK
A40: SERH0039 | B40: 8 | C40: W000014515 | D40: Louisa May Alcott | E40: Louisa May Alcott | F40: OL29984W | G40: OL32311079M | H40: Louisa May Alcott | I40: Her Life, Letters, and Journals | J40: Oct 28, 2018 | K40: Franklin Classics Trade Press | L40: /authors/OL26680A || /authors/OL2414275A | M40: 434 | N40: HIGH | O40: ASSIGN_COMPONENT | P40: W000014515_C01 | Q40: HIGH | R40: Title/subtitle 'Her Life, Letters, and Journals'. | S40: =IF(P40="","",IFERROR(VLOOKUP(P40,Components!$E$2:$H$83,3,FALSE()),"INVALID")) -> Her Life, Letters, and Journals | T40: =IF(P40="","",IFERROR(VLOOKUP(P40,Components!$E$2:$H$83,4,FALSE()),"INVALID")) -> PRIMARY_SUCCESSOR_HINT | U40: =IF(O40="","",IF(O40="ASSIGN_COMPONENT",IF(P40<>"","OK","CHECK: component required"),IF(O40="HOLD_UNRESOLVED",IF(P40="","OK","CHECK: clear component"),IF(O40="REGISTRY_ISSUE",IF(R40<>"","OK","CHECK: note required"),"CHECK")))) -> OK
A41: SERH0040 | B41: 9 | C41: W000005682 | D41: Arthur Rimbaud | E41: Arthur Rimbaud | F41: OL156816W | G41: OL22910642M | H41: Arthur Rimbaud | I41: Leben und Dichtung | J41: 1921 | K41: Insel-Verlag | L41: /authors/OL44891A | M41: 243 | N41: HIGH | O41: ASSIGN_COMPONENT | P41: W000005682_C04 | Q41: MEDIUM | R41: 'Leben und Dichtung' (Insel 1921): named in the C04 definition as a study, but the subtitle ('life and poetry') suggests the volume may also carry translated poems. Assigned per definition. | S41: =IF(P41="","",IFERROR(VLOOKUP(P41,Components!$E$2:$H$83,3,FALSE()),"INVALID")) -> Secondary studies of Rimbaud | T41: =IF(P41="","",IFERROR(VLOOKUP(P41,Components!$E$2:$H$83,4,FALSE()),"INVALID")) -> DETACH | U41: =IF(O41="","",IF(O41="ASSIGN_COMPONENT",IF(P41<>"","OK","CHECK: component required"),IF(O41="HOLD_UNRESOLVED",IF(P41="","OK","CHECK: clear component"),IF(O41="REGISTRY_ISSUE",IF(R41<>"","OK","CHECK: note required"),"CHECK")))) -> OK
A42: SERH0041 | B42: 9 | C42: W000005682 | D42: Arthur Rimbaud | E42: Arthur Rimbaud | F42: OL156816W | G42: OL16486418M | H42: Arthur Rimbaud | I42: une étude | J42: 1956 | K42: P. Seghers | L42: /authors/OL44891A | M42: 191 | N42: HIGH | O42: ASSIGN_COMPONENT | P42: W000005682_C04 | Q42: HIGH | R42: Subtitle 'une étude' (Seghers): secondary study per C04 definition. (Seghers series volumes typically pair the study with a poem selection; routed as study per the frozen plan.) | S42: =IF(P42="","",IFERROR(VLOOKUP(P42,Components!$E$2:$H$83,3,FALSE()),"INVALID")) -> Secondary studies of Rimbaud | T42: =IF(P42="","",IFERROR(VLOOKUP(P42,Components!$E$2:$H$83,4,FALSE()),"INVALID")) -> DETACH | U42: =IF(O42="","",IF(O42="ASSIGN_COMPONENT",IF(P42<>"","OK","CHECK: component required"),IF(O42="HOLD_UNRESOLVED",IF(P42="","OK","CHECK: clear component"),IF(O42="REGISTRY_ISSUE",IF(R42<>"","OK","CHECK: note required"),"CHECK")))) -> OK
A43: SERH0042 | B43: 9 | C43: W000005682 | D43: Arthur Rimbaud | E43: Arthur Rimbaud | F43: OL156816W | G43: OL20110077M | H43: Arthur Rimbaud | J43: 1963 | K43: P. Seghers | L43: /authors/OL44891A | M43: 205 | N43: HIGH | O43: ASSIGN_COMPONENT | P43: W000005682_C04 | Q43: MEDIUM | R43: No subtitle, but Seghers with the same page count (191/205 pp) and years as the 'une étude' editions: same publication. | S43: =IF(P43="","",IFERROR(VLOOKUP(P43,Components!$E$2:$H$83,3,FALSE()),"INVALID")) -> Secondary studies of Rimbaud | T43: =IF(P43="","",IFERROR(VLOOKUP(P43,Components!$E$2:$H$83,4,FALSE()),"INVALID")) -> DETACH | U43: =IF(O43="","",IF(O43="ASSIGN_COMPONENT",IF(P43<>"","OK","CHECK: component required"),IF(O43="HOLD_UNRESOLVED",IF(P43="","OK","CHECK: clear component"),IF(O43="REGISTRY_ISSUE",IF(R43<>"","OK","CHECK: note required"),"CHECK")))) -> OK
A44: SERH0043 | B44: 9 | C44: W000005682 | D44: Arthur Rimbaud | E44: Arthur Rimbaud | F44: OL156816W | G44: OL22067368M | H44: Arthur Rimbaud | I44: une étude | J44: 1963 | K44: P. Seghers | L44: /authors/OL44891A | M44: 205 | N44: HIGH | O44: ASSIGN_COMPONENT | P44: W000005682_C04 | Q44: HIGH | R44: Subtitle 'une étude' (Seghers): secondary study per C04 definition. (Seghers series volumes typically pair the study with a poem selection; routed as study per the frozen plan.) | S44: =IF(P44="","",IFERROR(VLOOKUP(P44,Components!$E$2:$H$83,3,FALSE()),"INVALID")) -> Secondary studies of Rimbaud | T44: =IF(P44="","",IFERROR(VLOOKUP(P44,Components!$E$2:$H$83,4,FALSE()),"INVALID")) -> DETACH | U44: =IF(O44="","",IF(O44="ASSIGN_COMPONENT",IF(P44<>"","OK","CHECK: component required"),IF(O44="HOLD_UNRESOLVED",IF(P44="","OK","CHECK: clear component"),IF(O44="REGISTRY_ISSUE",IF(R44<>"","OK","CHECK: note required"),"CHECK")))) -> OK
A45: SERH0044 | B45: 9 | C45: W000005682 | D45: Arthur Rimbaud | E45: Arthur Rimbaud | F45: OL156816W | G45: OL16795845M | H45: Arthur Rimbaud | J45: 1966 | K45: P. Seghers | L45: /authors/OL44891A | M45: 191 | N45: HIGH | O45: ASSIGN_COMPONENT | P45: W000005682_C04 | Q45: MEDIUM | R45: No subtitle, but Seghers with the same page count (191/205 pp) and years as the 'une étude' editions: same publication. | S45: =IF(P45="","",IFERROR(VLOOKUP(P45,Components!$E$2:$H$83,3,FALSE()),"INVALID")) -> Secondary studies of Rimbaud | T45: =IF(P45="","",IFERROR(VLOOKUP(P45,Components!$E$2:$H$83,4,FALSE()),"INVALID")) -> DETACH | U45: =IF(O45="","",IF(O45="ASSIGN_COMPONENT",IF(P45<>"","OK","CHECK: component required"),IF(O45="HOLD_UNRESOLVED",IF(P45="","OK","CHECK: clear component"),IF(O45="REGISTRY_ISSUE",IF(R45<>"","OK","CHECK: note required"),"CHECK")))) -> OK
A46: SERH0045 | B46: 9 | C46: W000005682 | D46: Arthur Rimbaud | E46: Arthur Rimbaud | F46: OL156816W | G46: OL13722959M | H46: Arthur Rimbaud | I46: oeuvres choisies, bibliographe, dessins, portraits, fac-simile s | J46: 1967 | K46: Seghers | L46: /authors/OL44891A | N46: HIGH | O46: ASSIGN_COMPONENT | P46: W000005682_C02 | Q46: HIGH | R46: 'oeuvres choisies ...' (Seghers 1967). | S46: =IF(P46="","",IFERROR(VLOOKUP(P46,Components!$E$2:$H$83,3,FALSE()),"INVALID")) -> Selected works / anthologies | T46: =IF(P46="","",IFERROR(VLOOKUP(P46,Components!$E$2:$H$83,4,FALSE()),"INVALID")) -> SUCCESSOR | U46: =IF(O46="","",IF(O46="ASSIGN_COMPONENT",IF(P46<>"","OK","CHECK: component required"),IF(O46="HOLD_UNRESOLVED",IF(P46="","OK","CHECK: clear component"),IF(O46="REGISTRY_ISSUE",IF(R46<>"","OK","CHECK: note required"),"CHECK")))) -> OK
A47: SERH0046 | B47: 9 | C47: W000005682 | D47: Arthur Rimbaud | E47: Arthur Rimbaud | F47: OL156816W | G47: OL14677650M | H47: Arthur Rimbaud | I47: une étude | J47: 1967 | K47: P. Seghers | L47: /authors/OL44891A | M47: 191 | N47: HIGH | O47: ASSIGN_COMPONENT | P47: W000005682_C04 | Q47: HIGH | R47: Subtitle 'une étude' (Seghers): secondary study per C04 definition. (Seghers series volumes typically pair the study with a poem selection; routed as study per the frozen plan.) | S47: =IF(P47="","",IFERROR(VLOOKUP(P47,Components!$E$2:$H$83,3,FALSE()),"INVALID")) -> Secondary studies of Rimbaud | T47: =IF(P47="","",IFERROR(VLOOKUP(P47,Components!$E$2:$H$83,4,FALSE()),"INVALID")) -> DETACH | U47: =IF(O47="","",IF(O47="ASSIGN_COMPONENT",IF(P47<>"","OK","CHECK: component required"),IF(O47="HOLD_UNRESOLVED",IF(P47="","OK","CHECK: clear component"),IF(O47="REGISTRY_ISSUE",IF(R47<>"","OK","CHECK: note required"),"CHECK")))) -> OK
A48: SERH0047 | B48: 9 | C48: W000005682 | D48: Arthur Rimbaud | E48: Arthur Rimbaud | F48: OL156816W | G48: OL23828694M | H48: Arthur Rimbaud | J48: 1967 | K48: P. Seghers | L48: /authors/OL44891A | M48: 191 | N48: HIGH | O48: ASSIGN_COMPONENT | P48: W000005682_C04 | Q48: MEDIUM | R48: No subtitle, but Seghers with the same page count (191/205 pp) and years as the 'une étude' editions: same publication. | S48: =IF(P48="","",IFERROR(VLOOKUP(P48,Components!$E$2:$H$83,3,FALSE()),"INVALID")) -> Secondary studies of Rimbaud | T48: =IF(P48="","",IFERROR(VLOOKUP(P48,Components!$E$2:$H$83,4,FALSE()),"INVALID")) -> DETACH | U48: =IF(O48="","",IF(O48="ASSIGN_COMPONENT",IF(P48<>"","OK","CHECK: component required"),IF(O48="HOLD_UNRESOLVED",IF(P48="","OK","CHECK: clear component"),IF(O48="REGISTRY_ISSUE",IF(R48<>"","OK","CHECK: note required"),"CHECK")))) -> OK
A49: SERH0048 | B49: 9 | C49: W000005682 | D49: Arthur Rimbaud | E49: Arthur Rimbaud | F49: OL156816W | G49: OL12897922M | H49: Arthur Rimbaud | I49: Al Athar Al-Shi'rya | J49: January 1996 | K49: Unesco | L49: /authors/OL44891A | M49: 472 | N49: HIGH | O49: REGISTRY_ISSUE | Q49: MEDIUM | R49: 'Al Athar Al-Shi'rya' (Unesco 1996, 472 pp): the title means 'the poetic works', i.e. an Arabic translation of Rimbaud's poetry (Unesco representative-works series), not a secondary study as the C04 definition states. Registry should move it to C01/C02. | S49: =IF(P49="","",IFERROR(VLOOKUP(P49,Components!$E$2:$H$83,3,FALSE()),"INVALID")) | T49: =IF(P49="","",IFERROR(VLOOKUP(P49,Components!$E$2:$H$83,4,FALSE()),"INVALID")) | U49: =IF(O49="","",IF(O49="ASSIGN_COMPONENT",IF(P49<>"","OK","CHECK: component required"),IF(O49="HOLD_UNRESOLVED",IF(P49="","OK","CHECK: clear component"),IF(O49="REGISTRY_ISSUE",IF(R49<>"","OK","CHECK: note required"),"CHECK")))) -> OK
A50: SERH0049 | B50: 11 | C50: W000004772 | D50: Josephus | E50: Flavius Josephus | F50: OL15202836W | G50: OL22079973M | H50: Josephus | L50: /authors/OL22041A | M50: 17 | N50: HIGH | O50: HOLD_UNRESOLVED | Q50: LOW | R50: No subtitle, date or publisher; 17 pp. Unidentifiable. | S50: =IF(P50="","",IFERROR(VLOOKUP(P50,Components!$E$2:$H$83,3,FALSE()),"INVALID")) | T50: =IF(P50="","",IFERROR(VLOOKUP(P50,Components!$E$2:$H$83,4,FALSE()),"INVALID")) | U50: =IF(O50="","",IF(O50="ASSIGN_COMPONENT",IF(P50<>"","OK","CHECK: component required"),IF(O50="HOLD_UNRESOLVED",IF(P50="","OK","CHECK: clear component"),IF(O50="REGISTRY_ISSUE",IF(R50<>"","OK","CHECK: note required"),"CHECK")))) -> OK
A51: SERH0050 | B51: 11 | C51: W000004772 | D51: Josephus | E51: Flavius Josephus | F51: OL15202836W | G51: OL17723902M | H51: Josephus. | J51: 1926 | K51: Harvard University Press | L51: /authors/OL22041A | M51: 13 | N51: HIGH | O51: HOLD_UNRESOLVED | Q51: MEDIUM | R51: Untitled Loeb volume (Harvard/Heinemann/Putnam) with no book range: cannot tell whether it is a Jewish War volume (C01), a Jewish Antiquities volume (C02), or a set-level record (C03). | S51: =IF(P51="","",IFERROR(VLOOKUP(P51,Components!$E$2:$H$83,3,FALSE()),"INVALID")) | T51: =IF(P51="","",IFERROR(VLOOKUP(P51,Components!$E$2:$H$83,4,FALSE()),"INVALID")) | U51: =IF(O51="","",IF(O51="ASSIGN_COMPONENT",IF(P51<>"","OK","CHECK: component required"),IF(O51="HOLD_UNRESOLVED",IF(P51="","OK","CHECK: clear component"),IF(O51="REGISTRY_ISSUE",IF(R51<>"","OK","CHECK: note required"),"CHECK")))) -> OK
A52: SERH0051 | B52: 11 | C52: W000004772 | D52: Josephus | E52: Flavius Josephus | F52: OL15202836W | G52: OL18215215M | H52: Josephus. | J52: 1926 | K52: Harvard University Press | L52: /authors/OL22041A | M52: 13 | N52: HIGH | O52: HOLD_UNRESOLVED | Q52: MEDIUM | R52: Untitled Loeb volume (Harvard/Heinemann/Putnam) with no book range: cannot tell whether it is a Jewish War volume (C01), a Jewish Antiquities volume (C02), or a set-level record (C03). | S52: =IF(P52="","",IFERROR(VLOOKUP(P52,Components!$E$2:$H$83,3,FALSE()),"INVALID")) | T52: =IF(P52="","",IFERROR(VLOOKUP(P52,Components!$E$2:$H$83,4,FALSE()),"INVALID")) | U52: =IF(O52="","",IF(O52="ASSIGN_COMPONENT",IF(P52<>"","OK","CHECK: component required"),IF(O52="HOLD_UNRESOLVED",IF(P52="","OK","CHECK: clear component"),IF(O52="REGISTRY_ISSUE",IF(R52<>"","OK","CHECK: note required"),"CHECK")))) -> OK
A53: SERH0052 | B53: 11 | C53: W000004772 | D53: Josephus | E53: Flavius Josephus | F53: OL15202836W | G53: OL20425583M | H53: Josephus | J53: 1926 | K53: Heinemann || Putnam | L53: /authors/OL22041A | N53: HIGH | O53: HOLD_UNRESOLVED | Q53: MEDIUM | R53: Untitled Loeb volume (Harvard/Heinemann/Putnam) with no book range: cannot tell whether it is a Jewish War volume (C01), a Jewish Antiquities volume (C02), or a set-level record (C03). | S53: =IF(P53="","",IFERROR(VLOOKUP(P53,Components!$E$2:$H$83,3,FALSE()),"INVALID")) | T53: =IF(P53="","",IFERROR(VLOOKUP(P53,Components!$E$2:$H$83,4,FALSE()),"INVALID")) | U53: =IF(O53="","",IF(O53="ASSIGN_COMPONENT",IF(P53<>"","OK","CHECK: component required"),IF(O53="HOLD_UNRESOLVED",IF(P53="","OK","CHECK: clear component"),IF(O53="REGISTRY_ISSUE",IF(R53<>"","OK","CHECK: note required"),"CHECK")))) -> OK
A54: SERH0053 | B54: 11 | C54: W000004772 | D54: Josephus | E54: Flavius Josephus | F54: OL15202836W | G54: OL6692380M | H54: Josephus. | J54: 1926 | K54: Heinemann || Putnam | L54: /authors/OL22041A | M54: 10 | N54: HIGH | O54: HOLD_UNRESOLVED | Q54: MEDIUM | R54: Untitled Loeb volume (Harvard/Heinemann/Putnam) with no book range: cannot tell whether it is a Jewish War volume (C01), a Jewish Antiquities volume (C02), or a set-level record (C03). | S54: =IF(P54="","",IFERROR(VLOOKUP(P54,Components!$E$2:$H$83,3,FALSE()),"INVALID")) | T54: =IF(P54="","",IFERROR(VLOOKUP(P54,Components!$E$2:$H$83,4,FALSE()),"INVALID")) | U54: =IF(O54="","",IF(O54="ASSIGN_COMPONENT",IF(P54<>"","OK","CHECK: component required"),IF(O54="HOLD_UNRESOLVED",IF(P54="","OK","CHECK: clear component"),IF(O54="REGISTRY_ISSUE",IF(R54<>"","OK","CHECK: note required"),"CHECK")))) -> OK
A55: SERH0054 | B55: 11 | C55: W000004772 | D55: Josephus | E55: Flavius Josephus | F55: OL15202836W | G55: OL13865368M | H55: Josephus. | J55: 1928 | K55: Harvard University Press || Heinemann | L55: /authors/OL22041A | N55: HIGH | O55: HOLD_UNRESOLVED | Q55: MEDIUM | R55: Untitled Loeb volume (Harvard/Heinemann/Putnam) with no book range: cannot tell whether it is a Jewish War volume (C01), a Jewish Antiquities volume (C02), or a set-level record (C03). | S55: =IF(P55="","",IFERROR(VLOOKUP(P55,Components!$E$2:$H$83,3,FALSE()),"INVALID")) | T55: =IF(P55="","",IFERROR(VLOOKUP(P55,Components!$E$2:$H$83,4,FALSE()),"INVALID")) | U55: =IF(O55="","",IF(O55="ASSIGN_COMPONENT",IF(P55<>"","OK","CHECK: component required"),IF(O55="HOLD_UNRESOLVED",IF(P55="","OK","CHECK: clear component"),IF(O55="REGISTRY_ISSUE",IF(R55<>"","OK","CHECK: note required"),"CHECK")))) -> OK
A56: SERH0055 | B56: 11 | C56: W000004772 | D56: Josephus | E56: Flavius Josephus | F56: OL15202836W | G56: OL15495071M | H56: Josephus | I56: in nine volumes. | J56: 1943 | K56: William Heinemann | L56: /authors/OL22041A | M56: 788 | N56: HIGH | O56: ASSIGN_COMPONENT | P56: W000004772_C03 | Q56: HIGH | R56: 'in nine volumes.' (Heinemann 1943): the collected Loeb set. | S56: =IF(P56="","",IFERROR(VLOOKUP(P56,Components!$E$2:$H$83,3,FALSE()),"INVALID")) -> Multi-volume Loeb Josephus | T56: =IF(P56="","",IFERROR(VLOOKUP(P56,Components!$E$2:$H$83,4,FALSE()),"INVALID")) -> SUCCESSOR | U56: =IF(O56="","",IF(O56="ASSIGN_COMPONENT",IF(P56<>"","OK","CHECK: component required"),IF(O56="HOLD_UNRESOLVED",IF(P56="","OK","CHECK: clear component"),IF(O56="REGISTRY_ISSUE",IF(R56<>"","OK","CHECK: note required"),"CHECK")))) -> OK
A57: SERH0056 | B57: 11 | C57: W000004772 | D57: Josephus | E57: Flavius Josephus | F57: OL15202836W | G57: OL13844277M | H57: Josephus | J57: 1956 | K57: Heinemann | L57: /authors/OL22041A | N57: HIGH | O57: HOLD_UNRESOLVED | Q57: MEDIUM | R57: Untitled Loeb volume (Harvard/Heinemann/Putnam) with no book range: cannot tell whether it is a Jewish War volume (C01), a Jewish Antiquities volume (C02), or a set-level record (C03). | S57: =IF(P57="","",IFERROR(VLOOKUP(P57,Components!$E$2:$H$83,3,FALSE()),"INVALID")) | T57: =IF(P57="","",IFERROR(VLOOKUP(P57,Components!$E$2:$H$83,4,FALSE()),"INVALID")) | U57: =IF(O57="","",IF(O57="ASSIGN_COMPONENT",IF(P57<>"","OK","CHECK: component required"),IF(O57="HOLD_UNRESOLVED",IF(P57="","OK","CHECK: clear component"),IF(O57="REGISTRY_ISSUE",IF(R57<>"","OK","CHECK: note required"),"CHECK")))) -> OK
A58: SERH0057 | B58: 11 | C58: W000004772 | D58: Josephus | E58: Flavius Josephus | F58: OL15202836W | G58: OL17640639M | H58: Josephus | J58: 1956 | K58: Harvard University Press || W. Heinemann | L58: /authors/OL22041A | N58: HIGH | O58: HOLD_UNRESOLVED | Q58: MEDIUM | R58: Untitled Loeb volume (Harvard/Heinemann/Putnam) with no book range: cannot tell whether it is a Jewish War volume (C01), a Jewish Antiquities volume (C02), or a set-level record (C03). | S58: =IF(P58="","",IFERROR(VLOOKUP(P58,Components!$E$2:$H$83,3,FALSE()),"INVALID")) | T58: =IF(P58="","",IFERROR(VLOOKUP(P58,Components!$E$2:$H$83,4,FALSE()),"INVALID")) | U58: =IF(O58="","",IF(O58="ASSIGN_COMPONENT",IF(P58<>"","OK","CHECK: component required"),IF(O58="HOLD_UNRESOLVED",IF(P58="","OK","CHECK: clear component"),IF(O58="REGISTRY_ISSUE",IF(R58<>"","OK","CHECK: note required"),"CHECK")))) -> OK
A59: SERH0058 | B59: 11 | C59: W000004772 | D59: Josephus | E59: Flavius Josephus | F59: OL15202836W | G59: OL17929260M | H59: Josephus | J59: 1956 | K59: Harvard University Press || W. Heinemann | L59: /authors/OL22041A | N59: HIGH | O59: HOLD_UNRESOLVED | Q59: MEDIUM | R59: Untitled Loeb volume (Harvard/Heinemann/Putnam) with no book range: cannot tell whether it is a Jewish War volume (C01), a Jewish Antiquities volume (C02), or a set-level record (C03). | S59: =IF(P59="","",IFERROR(VLOOKUP(P59,Components!$E$2:$H$83,3,FALSE()),"INVALID")) | T59: =IF(P59="","",IFERROR(VLOOKUP(P59,Components!$E$2:$H$83,4,FALSE()),"INVALID")) | U59: =IF(O59="","",IF(O59="ASSIGN_COMPONENT",IF(P59<>"","OK","CHECK: component required"),IF(O59="HOLD_UNRESOLVED",IF(P59="","OK","CHECK: clear component"),IF(O59="REGISTRY_ISSUE",IF(R59<>"","OK","CHECK: note required"),"CHECK")))) -> OK
A60: SERH0059 | B60: 11 | C60: W000004772 | D60: Josephus | E60: Flavius Josephus | F60: OL15202836W | G60: OL16492322M | H60: Josephus. | I60: With an English translation by H.St.J. Thackeray. | J60: 1958 | K60: Harvard University Press | L60: /authors/OL22041A | N60: HIGH | O60: ASSIGN_COMPONENT | P60: W000004772_C03 | Q60: HIGH | R60: 'With an English translation by H.St.J. Thackeray.': the collected Loeb set as defined in C03. | S60: =IF(P60="","",IFERROR(VLOOKUP(P60,Components!$E$2:$H$83,3,FALSE()),"INVALID")) -> Multi-volume Loeb Josephus | T60: =IF(P60="","",IFERROR(VLOOKUP(P60,Components!$E$2:$H$83,4,FALSE()),"INVALID")) -> SUCCESSOR | U60: =IF(O60="","",IF(O60="ASSIGN_COMPONENT",IF(P60<>"","OK","CHECK: component required"),IF(O60="HOLD_UNRESOLVED",IF(P60="","OK","CHECK: clear component"),IF(O60="REGISTRY_ISSUE",IF(R60<>"","OK","CHECK: note required"),"CHECK")))) -> OK
A61: SERH0060 | B61: 11 | C61: W000004772 | D61: Josephus | E61: Flavius Josephus | F61: OL15202836W | G61: OL16696555M | H61: Josephus | J61: 1958 | K61: Harvard University Press || W. Heinemann | L61: /authors/OL22041A | N61: HIGH | O61: HOLD_UNRESOLVED | Q61: MEDIUM | R61: Untitled Loeb volume (Harvard/Heinemann/Putnam) with no book range: cannot tell whether it is a Jewish War volume (C01), a Jewish Antiquities volume (C02), or a set-level record (C03). | S61: =IF(P61="","",IFERROR(VLOOKUP(P61,Components!$E$2:$H$83,3,FALSE()),"INVALID")) | T61: =IF(P61="","",IFERROR(VLOOKUP(P61,Components!$E$2:$H$83,4,FALSE()),"INVALID")) | U61: =IF(O61="","",IF(O61="ASSIGN_COMPONENT",IF(P61<>"","OK","CHECK: component required"),IF(O61="HOLD_UNRESOLVED",IF(P61="","OK","CHECK: clear component"),IF(O61="REGISTRY_ISSUE",IF(R61<>"","OK","CHECK: note required"),"CHECK")))) -> OK
A62: SERH0061 | B62: 11 | C62: W000004772 | D62: Josephus | E62: Flavius Josephus | F62: OL15202836W | G62: OL17734232M | H62: Josephus | J62: 1958 | K62: Harvard University Press || W. Heinemann | L62: /authors/OL22041A | N62: HIGH | O62: HOLD_UNRESOLVED | Q62: MEDIUM | R62: Untitled Loeb volume (Harvard/Heinemann/Putnam) with no book range: cannot tell whether it is a Jewish War volume (C01), a Jewish Antiquities volume (C02), or a set-level record (C03). | S62: =IF(P62="","",IFERROR(VLOOKUP(P62,Components!$E$2:$H$83,3,FALSE()),"INVALID")) | T62: =IF(P62="","",IFERROR(VLOOKUP(P62,Components!$E$2:$H$83,4,FALSE()),"INVALID")) | U62: =IF(O62="","",IF(O62="ASSIGN_COMPONENT",IF(P62<>"","OK","CHECK: component required"),IF(O62="HOLD_UNRESOLVED",IF(P62="","OK","CHECK: clear component"),IF(O62="REGISTRY_ISSUE",IF(R62<>"","OK","CHECK: note required"),"CHECK")))) -> OK
A63: SERH0062 | B63: 11 | C63: W000004772 | D63: Josephus | E63: Flavius Josephus | F63: OL15202836W | G63: OL21123238M | H63: Josephus | J63: 1961 | K63: W. Heinemann | L63: /authors/OL22041A | N63: HIGH | O63: HOLD_UNRESOLVED | Q63: MEDIUM | R63: Untitled Loeb volume (Harvard/Heinemann/Putnam) with no book range: cannot tell whether it is a Jewish War volume (C01), a Jewish Antiquities volume (C02), or a set-level record (C03). | S63: =IF(P63="","",IFERROR(VLOOKUP(P63,Components!$E$2:$H$83,3,FALSE()),"INVALID")) | T63: =IF(P63="","",IFERROR(VLOOKUP(P63,Components!$E$2:$H$83,4,FALSE()),"INVALID")) | U63: =IF(O63="","",IF(O63="ASSIGN_COMPONENT",IF(P63<>"","OK","CHECK: component required"),IF(O63="HOLD_UNRESOLVED",IF(P63="","OK","CHECK: clear component"),IF(O63="REGISTRY_ISSUE",IF(R63<>"","OK","CHECK: note required"),"CHECK")))) -> OK
A64: SERH0063 | B64: 11 | C64: W000004772 | D64: Josephus | E64: Flavius Josephus | F64: OL15202836W | G64: OL20836723M | H64: Josephus | J64: 1965 | K64: Heinemann || Harvard University Press | L64: /authors/OL22041A | N64: HIGH | O64: HOLD_UNRESOLVED | Q64: MEDIUM | R64: Untitled Loeb volume (Harvard/Heinemann/Putnam) with no book range: cannot tell whether it is a Jewish War volume (C01), a Jewish Antiquities volume (C02), or a set-level record (C03). | S64: =IF(P64="","",IFERROR(VLOOKUP(P64,Components!$E$2:$H$83,3,FALSE()),"INVALID")) | T64: =IF(P64="","",IFERROR(VLOOKUP(P64,Components!$E$2:$H$83,4,FALSE()),"INVALID")) | U64: =IF(O64="","",IF(O64="ASSIGN_COMPONENT",IF(P64<>"","OK","CHECK: component required"),IF(O64="HOLD_UNRESOLVED",IF(P64="","OK","CHECK: clear component"),IF(O64="REGISTRY_ISSUE",IF(R64<>"","OK","CHECK: note required"),"CHECK")))) -> OK
A65: SERH0064 | B65: 11 | C65: W000004772 | D65: Josephus | E65: Flavius Josephus | F65: OL15202836W | G65: OL23745607M | H65: Josephus | J65: 1968 | K65: Harvard University Press | L65: /authors/OL22041A | N65: HIGH | O65: HOLD_UNRESOLVED | Q65: MEDIUM | R65: Untitled Loeb volume (Harvard/Heinemann/Putnam) with no book range: cannot tell whether it is a Jewish War volume (C01), a Jewish Antiquities volume (C02), or a set-level record (C03). | S65: =IF(P65="","",IFERROR(VLOOKUP(P65,Components!$E$2:$H$83,3,FALSE()),"INVALID")) | T65: =IF(P65="","",IFERROR(VLOOKUP(P65,Components!$E$2:$H$83,4,FALSE()),"INVALID")) | U65: =IF(O65="","",IF(O65="ASSIGN_COMPONENT",IF(P65<>"","OK","CHECK: component required"),IF(O65="HOLD_UNRESOLVED",IF(P65="","OK","CHECK: clear component"),IF(O65="REGISTRY_ISSUE",IF(R65<>"","OK","CHECK: note required"),"CHECK")))) -> OK
A66: SERH0065 | B66: 11 | C66: W000004772 | D66: Josephus | E66: Flavius Josephus | F66: OL15202836W | G66: OL19624130M | H66: Josephus | I66: with an English translation. | J66: 1969 | K66: Harvard University Press | L66: /authors/OL22041A | N66: HIGH | O66: ASSIGN_COMPONENT | P66: W000004772_C03 | Q66: MEDIUM | R66: 'with an English translation.' (Harvard 1969): set-level description; volume not specified. | S66: =IF(P66="","",IFERROR(VLOOKUP(P66,Components!$E$2:$H$83,3,FALSE()),"INVALID")) -> Multi-volume Loeb Josephus | T66: =IF(P66="","",IFERROR(VLOOKUP(P66,Components!$E$2:$H$83,4,FALSE()),"INVALID")) -> SUCCESSOR | U66: =IF(O66="","",IF(O66="ASSIGN_COMPONENT",IF(P66<>"","OK","CHECK: component required"),IF(O66="HOLD_UNRESOLVED",IF(P66="","OK","CHECK: clear component"),IF(O66="REGISTRY_ISSUE",IF(R66<>"","OK","CHECK: note required"),"CHECK")))) -> OK
A67: SERH0066 | B67: 11 | C67: W000004772 | D67: Josephus | E67: Flavius Josephus | F67: OL15202836W | G67: OL22373350M | H67: Josephus. | J67: 1998 | K67: Harvard University Press | L67: /authors/OL22041A | M67: 488 | N67: HIGH | O67: HOLD_UNRESOLVED | Q67: MEDIUM | R67: Untitled Loeb volume (Harvard/Heinemann/Putnam) with no book range: cannot tell whether it is a Jewish War volume (C01), a Jewish Antiquities volume (C02), or a set-level record (C03). | S67: =IF(P67="","",IFERROR(VLOOKUP(P67,Components!$E$2:$H$83,3,FALSE()),"INVALID")) | T67: =IF(P67="","",IFERROR(VLOOKUP(P67,Components!$E$2:$H$83,4,FALSE()),"INVALID")) | U67: =IF(O67="","",IF(O67="ASSIGN_COMPONENT",IF(P67<>"","OK","CHECK: component required"),IF(O67="HOLD_UNRESOLVED",IF(P67="","OK","CHECK: clear component"),IF(O67="REGISTRY_ISSUE",IF(R67<>"","OK","CHECK: note required"),"CHECK")))) -> OK
A68: SERH0067 | B68: 11 | C68: W000004772 | D68: Josephus | E68: Flavius Josephus | F68: OL15202836W | G68: OL22373352M | H68: Josephus. | J68: 1998 | K68: Harvard University Press | L68: /authors/OL22041A | M68: 527 | N68: HIGH | O68: HOLD_UNRESOLVED | Q68: MEDIUM | R68: Untitled Loeb volume (Harvard/Heinemann/Putnam) with no book range: cannot tell whether it is a Jewish War volume (C01), a Jewish Antiquities volume (C02), or a set-level record (C03). | S68: =IF(P68="","",IFERROR(VLOOKUP(P68,Components!$E$2:$H$83,3,FALSE()),"INVALID")) | T68: =IF(P68="","",IFERROR(VLOOKUP(P68,Components!$E$2:$H$83,4,FALSE()),"INVALID")) | U68: =IF(O68="","",IF(O68="ASSIGN_COMPONENT",IF(P68<>"","OK","CHECK: component required"),IF(O68="HOLD_UNRESOLVED",IF(P68="","OK","CHECK: clear component"),IF(O68="REGISTRY_ISSUE",IF(R68<>"","OK","CHECK: note required"),"CHECK")))) -> OK
A69: SERH0068 | B69: 11 | C69: W000004772 | D69: Josephus | E69: Flavius Josephus | F69: OL15202836W | G69: OL22373354M | H69: Josephus. | J69: 1998 | K69: Harvard University Press | L69: /authors/OL22041A | M69: 447 | N69: HIGH | O69: HOLD_UNRESOLVED | Q69: MEDIUM | R69: Untitled Loeb volume (Harvard/Heinemann/Putnam) with no book range: cannot tell whether it is a Jewish War volume (C01), a Jewish Antiquities volume (C02), or a set-level record (C03). | S69: =IF(P69="","",IFERROR(VLOOKUP(P69,Components!$E$2:$H$83,3,FALSE()),"INVALID")) | T69: =IF(P69="","",IFERROR(VLOOKUP(P69,Components!$E$2:$H$83,4,FALSE()),"INVALID")) | U69: =IF(O69="","",IF(O69="ASSIGN_COMPONENT",IF(P69<>"","OK","CHECK: component required"),IF(O69="HOLD_UNRESOLVED",IF(P69="","OK","CHECK: clear component"),IF(O69="REGISTRY_ISSUE",IF(R69<>"","OK","CHECK: note required"),"CHECK")))) -> OK
A70: SERH0069 | B70: 11 | C70: W000004772 | D70: Josephus | E70: Flavius Josephus | F70: OL15202836W | G70: OL22373355M | H70: Josephus. | I70: Books IX-XI | J70: 1998 | K70: Harvard University Press | L70: /authors/OL22041A | M70: 531 | N70: HIGH | O70: ASSIGN_COMPONENT | P70: W000004772_C02 | Q70: MEDIUM | R70: 'Books IX-XI' (1998, 531 pp): a book range beyond the seven books of the Jewish War, so a Jewish Antiquities volume. | S70: =IF(P70="","",IFERROR(VLOOKUP(P70,Components!$E$2:$H$83,3,FALSE()),"INVALID")) -> Jewish Antiquities | T70: =IF(P70="","",IFERROR(VLOOKUP(P70,Components!$E$2:$H$83,4,FALSE()),"INVALID")) -> SUCCESSOR | U70: =IF(O70="","",IF(O70="ASSIGN_COMPONENT",IF(P70<>"","OK","CHECK: component required"),IF(O70="HOLD_UNRESOLVED",IF(P70="","OK","CHECK: clear component"),IF(O70="REGISTRY_ISSUE",IF(R70<>"","OK","CHECK: note required"),"CHECK")))) -> OK
A71: SERH0070 | B71: 11 | C71: W000004772 | D71: Josephus | E71: Flavius Josephus | F71: OL15202836W | G71: OL22373357M | H71: Josephus. | J71: 1998 | K71: Harvard University Press | L71: /authors/OL22041A | M71: 517 | N71: HIGH | O71: HOLD_UNRESOLVED | Q71: MEDIUM | R71: Untitled Loeb volume (Harvard/Heinemann/Putnam) with no book range: cannot tell whether it is a Jewish War volume (C01), a Jewish Antiquities volume (C02), or a set-level record (C03). | S71: =IF(P71="","",IFERROR(VLOOKUP(P71,Components!$E$2:$H$83,3,FALSE()),"INVALID")) | T71: =IF(P71="","",IFERROR(VLOOKUP(P71,Components!$E$2:$H$83,4,FALSE()),"INVALID")) | U71: =IF(O71="","",IF(O71="ASSIGN_COMPONENT",IF(P71<>"","OK","CHECK: component required"),IF(O71="HOLD_UNRESOLVED",IF(P71="","OK","CHECK: clear component"),IF(O71="REGISTRY_ISSUE",IF(R71<>"","OK","CHECK: note required"),"CHECK")))) -> OK
A72: SERH0071 | B72: 11 | C72: W000004772 | D72: Josephus | E72: Flavius Josephus | F72: OL15202836W | G72: OL22373359M | H72: Josephus. | J72: 1998 | K72: Harvard University Press | L72: /authors/OL22041A | M72: 487 | N72: HIGH | O72: HOLD_UNRESOLVED | Q72: MEDIUM | R72: Untitled Loeb volume (Harvard/Heinemann/Putnam) with no book range: cannot tell whether it is a Jewish War volume (C01), a Jewish Antiquities volume (C02), or a set-level record (C03). | S72: =IF(P72="","",IFERROR(VLOOKUP(P72,Components!$E$2:$H$83,3,FALSE()),"INVALID")) | T72: =IF(P72="","",IFERROR(VLOOKUP(P72,Components!$E$2:$H$83,4,FALSE()),"INVALID")) | U72: =IF(O72="","",IF(O72="ASSIGN_COMPONENT",IF(P72<>"","OK","CHECK: component required"),IF(O72="HOLD_UNRESOLVED",IF(P72="","OK","CHECK: clear component"),IF(O72="REGISTRY_ISSUE",IF(R72<>"","OK","CHECK: note required"),"CHECK")))) -> OK
A73: SERH0072 | B73: 11 | C73: W000004772 | D73: Josephus | E73: Flavius Josephus | F73: OL15202836W | G73: OL22373362M | H73: Josephus. | J73: 1998 | K73: Harvard University Press | L73: /authors/OL22041A | M73: 375 | N73: HIGH | O73: HOLD_UNRESOLVED | Q73: MEDIUM | R73: Untitled Loeb volume (Harvard/Heinemann/Putnam) with no book range: cannot tell whether it is a Jewish War volume (C01), a Jewish Antiquities volume (C02), or a set-level record (C03). | S73: =IF(P73="","",IFERROR(VLOOKUP(P73,Components!$E$2:$H$83,3,FALSE()),"INVALID")) | T73: =IF(P73="","",IFERROR(VLOOKUP(P73,Components!$E$2:$H$83,4,FALSE()),"INVALID")) | U73: =IF(O73="","",IF(O73="ASSIGN_COMPONENT",IF(P73<>"","OK","CHECK: component required"),IF(O73="HOLD_UNRESOLVED",IF(P73="","OK","CHECK: clear component"),IF(O73="REGISTRY_ISSUE",IF(R73<>"","OK","CHECK: note required"),"CHECK")))) -> OK
A74: SERH0073 | B74: 11 | C74: W000004772 | D74: Josephus | E74: Flavius Josephus | F74: OL15202836W | G74: OL23383601M | H74: Josephus. | I74: Books XVIII-XIX | J74: 1998 | K74: Harvard University Press | L74: /authors/OL22041A | M74: 431 | N74: HIGH | O74: ASSIGN_COMPONENT | P74: W000004772_C02 | Q74: HIGH | R74: 'Books XVIII-XIX': the frozen record lists this range as Jewish Antiquities (Loeb 433). | S74: =IF(P74="","",IFERROR(VLOOKUP(P74,Components!$E$2:$H$83,3,FALSE()),"INVALID")) -> Jewish Antiquities | T74: =IF(P74="","",IFERROR(VLOOKUP(P74,Components!$E$2:$H$83,4,FALSE()),"INVALID")) -> SUCCESSOR | U74: =IF(O74="","",IF(O74="ASSIGN_COMPONENT",IF(P74<>"","OK","CHECK: component required"),IF(O74="HOLD_UNRESOLVED",IF(P74="","OK","CHECK: clear component"),IF(O74="REGISTRY_ISSUE",IF(R74<>"","OK","CHECK: note required"),"CHECK")))) -> OK
A75: SERH0074 | B75: 11 | C75: W000004772 | D75: Josephus | E75: Flavius Josephus | F75: OL15202836W | G75: OL8599716M | H75: Josephus | J75: July 1, 1993 | K75: Barbour Publishing, Incorporated | L75: /authors/OL22041A || /authors/OL166255A | N75: HIGH | O75: ASSIGN_COMPONENT | P75: W000004772_C04 | Q75: MEDIUM | R75: Barbour 1993 with a second author key, matching the July 1, 1993 'The Essential Works' edition in the frozen record: modern selection. | S75: =IF(P75="","",IFERROR(VLOOKUP(P75,Components!$E$2:$H$83,3,FALSE()),"INVALID")) -> Modern selections / essential writings | T75: =IF(P75="","",IFERROR(VLOOKUP(P75,Components!$E$2:$H$83,4,FALSE()),"INVALID")) -> SUCCESSOR | U75: =IF(O75="","",IF(O75="ASSIGN_COMPONENT",IF(P75<>"","OK","CHECK: component required"),IF(O75="HOLD_UNRESOLVED",IF(P75="","OK","CHECK: clear component"),IF(O75="REGISTRY_ISSUE",IF(R75<>"","OK","CHECK: note required"),"CHECK")))) -> OK
A76: SERH0075 | B76: 15 | C76: W000030489 | D76: Cervantes | E76: Miguel de Cervantes Saavedra | F76: OL793866W | G76: OL19885754M | H76: Cervantes | I76: prologues and epilogue | J76: 1923 | K76: Cambridge University Press | L76: /authors/OL66452A | N76: MEDIUM | O76: ASSIGN_COMPONENT | P76: W000030489_C03 | Q76: HIGH | R76: 'prologues and epilogue' (CUP 1923). | S76: =IF(P76="","",IFERROR(VLOOKUP(P76,Components!$E$2:$H$83,3,FALSE()),"INVALID")) -> Prologues and epilogue | T76: =IF(P76="","",IFERROR(VLOOKUP(P76,Components!$E$2:$H$83,4,FALSE()),"INVALID")) -> SUCCESSOR | U76: =IF(O76="","",IF(O76="ASSIGN_COMPONENT",IF(P76<>"","OK","CHECK: component required"),IF(O76="HOLD_UNRESOLVED",IF(P76="","OK","CHECK: clear component"),IF(O76="REGISTRY_ISSUE",IF(R76<>"","OK","CHECK: note required"),"CHECK")))) -> OK
A77: SERH0076 | B77: 15 | C77: W000030489 | D77: Cervantes | E77: Miguel de Cervantes Saavedra | F77: OL793866W | G77: OL13985775M | H77: Cervantes | I77: the Selected Works | J77: 1972 | K77: Chatto & Windus Ltd. | L77: /authors/OL33442A | N77: MEDIUM | O77: ASSIGN_COMPONENT | P77: W000030489_C01 | Q77: HIGH | R77: 'the Selected Works' (Chatto 1972). Different author key (OL33442A) is probably the editor/translator. | S77: =IF(P77="","",IFERROR(VLOOKUP(P77,Components!$E$2:$H$83,3,FALSE()),"INVALID")) -> Selected Works / selections from his works | T77: =IF(P77="","",IFERROR(VLOOKUP(P77,Components!$E$2:$H$83,4,FALSE()),"INVALID")) -> SUCCESSOR | U77: =IF(O77="","",IF(O77="ASSIGN_COMPONENT",IF(P77<>"","OK","CHECK: component required"),IF(O77="HOLD_UNRESOLVED",IF(P77="","OK","CHECK: clear component"),IF(O77="REGISTRY_ISSUE",IF(R77<>"","OK","CHECK: note required"),"CHECK")))) -> OK
A78: SERH0077 | B78: 15 | C78: W000030489 | D78: Cervantes | E78: Miguel de Cervantes Saavedra | F78: OL793866W | G78: OL13330422M | H78: Cervantes | J78: November 2002 | K78: Alba | L78: /authors/OL66452A | N78: MEDIUM | O78: HOLD_UNRESOLVED | Q78: MEDIUM | R78: No subtitle; Alba, November 2002. Cannot match to the selected-works, Abecedario, or prologues editions. | S78: =IF(P78="","",IFERROR(VLOOKUP(P78,Components!$E$2:$H$83,3,FALSE()),"INVALID")) | T78: =IF(P78="","",IFERROR(VLOOKUP(P78,Components!$E$2:$H$83,4,FALSE()),"INVALID")) | U78: =IF(O78="","",IF(O78="ASSIGN_COMPONENT",IF(P78<>"","OK","CHECK: component required"),IF(O78="HOLD_UNRESOLVED",IF(P78="","OK","CHECK: clear component"),IF(O78="REGISTRY_ISSUE",IF(R78<>"","OK","CHECK: note required"),"CHECK")))) -> OK
A79: SERH0078 | B79: 16 | C79: W000003030 | D79: P. G. Wodehouse | E79: P. G. Wodehouse | F79: OL1337018W | G79: OL6316890M | H79: P. G. Wodehouse. | J79: 1934 | K79: Methuen & co., ltd. | L79: /authors/OL136197A | M79: 153 | N79: HIGH | O79: HOLD_UNRESOLVED | Q79: MEDIUM | R79: Methuen 1934, 153 pp, no subtitle: too short for the five-novel omnibus and not identified as Selected Short Stories. Likely a 1930s Methuen selection with no component. | S79: =IF(P79="","",IFERROR(VLOOKUP(P79,Components!$E$2:$H$83,3,FALSE()),"INVALID")) | T79: =IF(P79="","",IFERROR(VLOOKUP(P79,Components!$E$2:$H$83,4,FALSE()),"INVALID")) | U79: =IF(O79="","",IF(O79="ASSIGN_COMPONENT",IF(P79<>"","OK","CHECK: component required"),IF(O79="HOLD_UNRESOLVED",IF(P79="","OK","CHECK: clear component"),IF(O79="REGISTRY_ISSUE",IF(R79<>"","OK","CHECK: note required"),"CHECK")))) -> OK
A80: SERH0079 | B80: 16 | C80: W000003030 | D80: P. G. Wodehouse | E80: P. G. Wodehouse | F80: OL1337018W | G80: OL3502316M | H80: P. G. Wodehouse | I80: five complete novels. | J80: 1983 | K80: Avenel Books || Distributed by Crown Publishers by arrangement with Scott Meredith Literary Agency | L80: /authors/OL136197A | M80: 682 | N80: HIGH | O80: ASSIGN_COMPONENT | P80: W000003030_C01 | Q80: HIGH | R80: Five complete novels omnibus. | S80: =IF(P80="","",IFERROR(VLOOKUP(P80,Components!$E$2:$H$83,3,FALSE()),"INVALID")) -> Five Complete Novels omnibus | T80: =IF(P80="","",IFERROR(VLOOKUP(P80,Components!$E$2:$H$83,4,FALSE()),"INVALID")) -> PRIMARY_SUCCESSOR_HINT | U80: =IF(O80="","",IF(O80="ASSIGN_COMPONENT",IF(P80<>"","OK","CHECK: component required"),IF(O80="HOLD_UNRESOLVED",IF(P80="","OK","CHECK: clear component"),IF(O80="REGISTRY_ISSUE",IF(R80<>"","OK","CHECK: note required"),"CHECK")))) -> OK
A81: SERH0080 | B81: 16 | C81: W000003030 | D81: P. G. Wodehouse | E81: P. G. Wodehouse | F81: OL1337018W | G81: OL7685888M | H81: P.G. Wodehouse | I81: Five Complete Novels (The Return of Jeeves, Bertie Wooster Sees It Through, Spring Fever, The Butler Did It, The Old Reliable) | J81: November 15, 1995 | K81: Wings | L81: /authors/OL136197A | M81: 688 | N81: HIGH | O81: ASSIGN_COMPONENT | P81: W000003030_C01 | Q81: HIGH | R81: Five complete novels omnibus. | S81: =IF(P81="","",IFERROR(VLOOKUP(P81,Components!$E$2:$H$83,3,FALSE()),"INVALID")) -> Five Complete Novels omnibus | T81: =IF(P81="","",IFERROR(VLOOKUP(P81,Components!$E$2:$H$83,4,FALSE()),"INVALID")) -> PRIMARY_SUCCESSOR_HINT | U81: =IF(O81="","",IF(O81="ASSIGN_COMPONENT",IF(P81<>"","OK","CHECK: component required"),IF(O81="HOLD_UNRESOLVED",IF(P81="","OK","CHECK: clear component"),IF(O81="REGISTRY_ISSUE",IF(R81<>"","OK","CHECK: note required"),"CHECK")))) -> OK
A82: SERH0081 | B82: 17 | C82: W000002404 | D82: Henry Lawson | E82: Henry Lawson | F82: OL1230156W | G82: OL6521638M | H82: Henry Lawson | I82: twenty stories and seven poems | J82: 1947 | K82: Angus and Robertson | L82: /authors/OL124130A | M82: 337 | N82: MEDIUM | O82: ASSIGN_COMPONENT | P82: W000002404_C01 | Q82: HIGH | R82: 'twenty stories and seven poems' (A&R 1947). | S82: =IF(P82="","",IFERROR(VLOOKUP(P82,Components!$E$2:$H$83,3,FALSE()),"INVALID")) -> Twenty stories and seven poems | T82: =IF(P82="","",IFERROR(VLOOKUP(P82,Components!$E$2:$H$83,4,FALSE()),"INVALID")) -> PRIMARY_SUCCESSOR_HINT | U82: =IF(O82="","",IF(O82="ASSIGN_COMPONENT",IF(P82<>"","OK","CHECK: component required"),IF(O82="HOLD_UNRESOLVED",IF(P82="","OK","CHECK: clear component"),IF(O82="REGISTRY_ISSUE",IF(R82<>"","OK","CHECK: note required"),"CHECK")))) -> OK
A83: SERH0082 | B83: 17 | C83: W000002404 | D83: Henry Lawson | E83: Henry Lawson | F83: OL1230156W | G83: OL4590805M | H83: Henry Lawson | J83: 1976 | K83: University of Queensland Press | L83: /authors/OL124130A | M83: 393 | N83: MEDIUM | O83: HOLD_UNRESOLVED | Q83: MEDIUM | R83: No subtitle; University of Queensland Press 1976, 393 pp. Probably a portable-author selection of stories and poems, which has no component; not evidenced as C02 Selected Stories (Angus & Robertson). | S83: =IF(P83="","",IFERROR(VLOOKUP(P83,Components!$E$2:$H$83,3,FALSE()),"INVALID")) | T83: =IF(P83="","",IFERROR(VLOOKUP(P83,Components!$E$2:$H$83,4,FALSE()),"INVALID")) | U83: =IF(O83="","",IF(O83="ASSIGN_COMPONENT",IF(P83<>"","OK","CHECK: component required"),IF(O83="HOLD_UNRESOLVED",IF(P83="","OK","CHECK: clear component"),IF(O83="REGISTRY_ISSUE",IF(R83<>"","OK","CHECK: note required"),"CHECK")))) -> OK
A84: SERH0083 | B84: 17 | C84: W000002404 | D84: Henry Lawson | E84: Henry Lawson | F84: OL1230156W | G84: OL1794866M | H84: Henry Lawson | I84: a literary heritage | J84: 1988 | K84: Octopus | L84: /authors/OL124130A | M84: 304 | N84: MEDIUM | O84: ASSIGN_COMPONENT | P84: W000002404_C04 | Q84: HIGH | R84: 'a literary heritage' (Octopus 1988). | S84: =IF(P84="","",IFERROR(VLOOKUP(P84,Components!$E$2:$H$83,3,FALSE()),"INVALID")) -> Master story-teller / literary heritage | T84: =IF(P84="","",IFERROR(VLOOKUP(P84,Components!$E$2:$H$83,4,FALSE()),"INVALID")) -> SUCCESSOR | U84: =IF(O84="","",IF(O84="ASSIGN_COMPONENT",IF(P84<>"","OK","CHECK: component required"),IF(O84="HOLD_UNRESOLVED",IF(P84="","OK","CHECK: clear component"),IF(O84="REGISTRY_ISSUE",IF(R84<>"","OK","CHECK: note required"),"CHECK")))) -> OK
A85: SERH0084 | B85: 20 | C85: W000021761 | D85: Poems | E85: Robert Graves | F85: OL5036953W | G85: OL6519850M | H85: Collected poems | J85: 1938 | K85: Random House | L85: /authors/OL1097266A | M85: 190 | N85: HIGH | O85: REGISTRY_ISSUE | Q85: MEDIUM | R85: 'Collected poems' (Random House 1938, 190 pp) predates Collected Poems 1914-1947 (C01) and the later collections (C03); the 1938 Collected Poems has no component. | S85: =IF(P85="","",IFERROR(VLOOKUP(P85,Components!$E$2:$H$83,3,FALSE()),"INVALID")) | T85: =IF(P85="","",IFERROR(VLOOKUP(P85,Components!$E$2:$H$83,4,FALSE()),"INVALID")) | U85: =IF(O85="","",IF(O85="ASSIGN_COMPONENT",IF(P85<>"","OK","CHECK: component required"),IF(O85="HOLD_UNRESOLVED",IF(P85="","OK","CHECK: clear component"),IF(O85="REGISTRY_ISSUE",IF(R85<>"","OK","CHECK: note required"),"CHECK")))) -> OK
A86: SERH0085 | B86: 20 | C86: W000021761 | D86: Poems | E86: Robert Graves | F86: OL5036953W | G86: OL17755912M | H86: Collected poems. | J86: 1961 | K86: Doubleday | L86: /authors/OL1097266A | M86: 358 | N86: HIGH | O86: ASSIGN_COMPONENT | P86: W000021761_C03 | Q86: MEDIUM | R86: 'Collected poems.' (Doubleday 1961, 358 pp): a later collected-poems edition, routed to C03 as 'comparable later collected-poems edition'; not the 1914-1947 volume. | S86: =IF(P86="","",IFERROR(VLOOKUP(P86,Components!$E$2:$H$83,3,FALSE()),"INVALID")) -> Later Collected / Complete Poems | T86: =IF(P86="","",IFERROR(VLOOKUP(P86,Components!$E$2:$H$83,4,FALSE()),"INVALID")) -> SUCCESSOR | U86: =IF(O86="","",IF(O86="ASSIGN_COMPONENT",IF(P86<>"","OK","CHECK: component required"),IF(O86="HOLD_UNRESOLVED",IF(P86="","OK","CHECK: clear component"),IF(O86="REGISTRY_ISSUE",IF(R86<>"","OK","CHECK: note required"),"CHECK")))) -> OK
A87: SERH0086 | B87: 20 | C87: W000021761 | D87: Poems | E87: Robert Graves | F87: OL5036953W | G87: OL23249232M | H87: Collected poems. | J87: 1961 | K87: Doubleday | L87: /authors/OL1097266A | M87: 358 | N87: HIGH | O87: ASSIGN_COMPONENT | P87: W000021761_C03 | Q87: MEDIUM | R87: 'Collected poems.' (Doubleday 1961, 358 pp): a later collected-poems edition, routed to C03 as 'comparable later collected-poems edition'; not the 1914-1947 volume. | S87: =IF(P87="","",IFERROR(VLOOKUP(P87,Components!$E$2:$H$83,3,FALSE()),"INVALID")) -> Later Collected / Complete Poems | T87: =IF(P87="","",IFERROR(VLOOKUP(P87,Components!$E$2:$H$83,4,FALSE()),"INVALID")) -> SUCCESSOR | U87: =IF(O87="","",IF(O87="ASSIGN_COMPONENT",IF(P87<>"","OK","CHECK: component required"),IF(O87="HOLD_UNRESOLVED",IF(P87="","OK","CHECK: clear component"),IF(O87="REGISTRY_ISSUE",IF(R87<>"","OK","CHECK: note required"),"CHECK")))) -> OK
A88: SERH0087 | B88: 20 | C88: W000021761 | D88: Poems | E88: Robert Graves | F88: OL5036953W | G88: OL5822644M | H88: Collected poems. | J88: 1961 | K88: Doubleday | L88: /authors/OL1097266A | M88: 358 | N88: HIGH | O88: ASSIGN_COMPONENT | P88: W000021761_C03 | Q88: MEDIUM | R88: 'Collected poems.' (Doubleday 1961, 358 pp): a later collected-poems edition, routed to C03 as 'comparable later collected-poems edition'; not the 1914-1947 volume. | S88: =IF(P88="","",IFERROR(VLOOKUP(P88,Components!$E$2:$H$83,3,FALSE()),"INVALID")) -> Later Collected / Complete Poems | T88: =IF(P88="","",IFERROR(VLOOKUP(P88,Components!$E$2:$H$83,4,FALSE()),"INVALID")) -> SUCCESSOR | U88: =IF(O88="","",IF(O88="ASSIGN_COMPONENT",IF(P88<>"","OK","CHECK: component required"),IF(O88="HOLD_UNRESOLVED",IF(P88="","OK","CHECK: clear component"),IF(O88="REGISTRY_ISSUE",IF(R88<>"","OK","CHECK: note required"),"CHECK")))) -> OK
A89: SERH0088 | B89: 20 | C89: W000021761 | D89: Poems | E89: Robert Graves | F89: OL5036953W | G89: OL766252M | H89: Complete poems | J89: 1995 | K89: Carcanet Press || Alyscamps Press | L89: /authors/OL1097266A | N89: HIGH | O89: ASSIGN_COMPONENT | P89: W000021761_C03 | Q89: HIGH | R89: 'Complete poems' (Carcanet 1995). | S89: =IF(P89="","",IFERROR(VLOOKUP(P89,Components!$E$2:$H$83,3,FALSE()),"INVALID")) -> Later Collected / Complete Poems | T89: =IF(P89="","",IFERROR(VLOOKUP(P89,Components!$E$2:$H$83,4,FALSE()),"INVALID")) -> SUCCESSOR | U89: =IF(O89="","",IF(O89="ASSIGN_COMPONENT",IF(P89<>"","OK","CHECK: component required"),IF(O89="HOLD_UNRESOLVED",IF(P89="","OK","CHECK: clear component"),IF(O89="REGISTRY_ISSUE",IF(R89<>"","OK","CHECK: note required"),"CHECK")))) -> OK
A90: SERH0089 | B90: 20 | C90: W000021761 | D90: Poems | E90: Robert Graves | F90: OL5036953W | G90: OL17081986M | H90: The story of Marie Powell, wife to Mr Milton | I90: and, The islands of unwisdom / c Robert Graves ; edited by Simon Brittan | J90: 2003 | K90: Carcanet | M90: 616 | N90: HIGH | O90: ASSIGN_COMPONENT | P90: W000021761_C06 | Q90: HIGH | R90: Marie/Mary Powell + Islands of Unwisdom fiction pairing (DETACH). | S90: =IF(P90="","",IFERROR(VLOOKUP(P90,Components!$E$2:$H$83,3,FALSE()),"INVALID")) -> Marie Powell / Islands of Unwisdom fiction pairing | T90: =IF(P90="","",IFERROR(VLOOKUP(P90,Components!$E$2:$H$83,4,FALSE()),"INVALID")) -> DETACH | U90: =IF(O90="","",IF(O90="ASSIGN_COMPONENT",IF(P90<>"","OK","CHECK: component required"),IF(O90="HOLD_UNRESOLVED",IF(P90="","OK","CHECK: clear component"),IF(O90="REGISTRY_ISSUE",IF(R90<>"","OK","CHECK: note required"),"CHECK")))) -> OK
A91: SERH0090 | B91: 20 | C91: W000021761 | D91: Poems | E91: Robert Graves | F91: OL5036953W | G91: OL22490784M | H91: Robe rt Graves | I91: the story of Mary Powell, wife to Mr. Milton and The Islands of unwisdom | J91: 2003 | K91: Carcanet | L91: /authors/OL1097266A | M91: 616 | N91: HIGH | O91: ASSIGN_COMPONENT | P91: W000021761_C06 | Q91: HIGH | R91: Marie/Mary Powell + Islands of Unwisdom fiction pairing (DETACH). | S91: =IF(P91="","",IFERROR(VLOOKUP(P91,Components!$E$2:$H$83,3,FALSE()),"INVALID")) -> Marie Powell / Islands of Unwisdom fiction pairing | T91: =IF(P91="","",IFERROR(VLOOKUP(P91,Components!$E$2:$H$83,4,FALSE()),"INVALID")) -> DETACH | U91: =IF(O91="","",IF(O91="ASSIGN_COMPONENT",IF(P91<>"","OK","CHECK: component required"),IF(O91="HOLD_UNRESOLVED",IF(P91="","OK","CHECK: clear component"),IF(O91="REGISTRY_ISSUE",IF(R91<>"","OK","CHECK: note required"),"CHECK")))) -> OK
A92: SERH0091 | B92: 20 | C92: W000021761 | D92: Poems | E92: Robert Graves | F92: OL5036953W | G92: OL9000196M | H92: Robert Graves Collected Poems (Robert Graves Programme) | J92: August 2000 | K92: Carcanet Press, | M92: 3 | N92: HIGH | O92: ASSIGN_COMPONENT | P92: W000021761_C03 | Q92: MEDIUM | R92: 'Robert Graves Collected Poems (Robert Graves Programme)' (Carcanet 2000); page count (3) is clearly wrong but the title is a later collected edition. | S92: =IF(P92="","",IFERROR(VLOOKUP(P92,Components!$E$2:$H$83,3,FALSE()),"INVALID")) -> Later Collected / Complete Poems | T92: =IF(P92="","",IFERROR(VLOOKUP(P92,Components!$E$2:$H$83,4,FALSE()),"INVALID")) -> SUCCESSOR | U92: =IF(O92="","",IF(O92="ASSIGN_COMPONENT",IF(P92<>"","OK","CHECK: component required"),IF(O92="HOLD_UNRESOLVED",IF(P92="","OK","CHECK: clear component"),IF(O92="REGISTRY_ISSUE",IF(R92<>"","OK","CHECK: note required"),"CHECK")))) -> OK
A93: SERH0092 | B93: 20 | C93: W000021761 | D93: Poems | E93: Robert Graves | F93: OL5036953W | G93: OL9000166M | H93: The Complete Poems (Graves, Robert, Selections.) | J93: January 2001 | K93: Carcanet Pr | M93: 320 | N93: HIGH | O93: ASSIGN_COMPONENT | P93: W000021761_C03 | Q93: HIGH | R93: 'The Complete Poems' (Carcanet 2001). | S93: =IF(P93="","",IFERROR(VLOOKUP(P93,Components!$E$2:$H$83,3,FALSE()),"INVALID")) -> Later Collected / Complete Poems | T93: =IF(P93="","",IFERROR(VLOOKUP(P93,Components!$E$2:$H$83,4,FALSE()),"INVALID")) -> SUCCESSOR | U93: =IF(O93="","",IF(O93="ASSIGN_COMPONENT",IF(P93<>"","OK","CHECK: component required"),IF(O93="HOLD_UNRESOLVED",IF(P93="","OK","CHECK: clear component"),IF(O93="REGISTRY_ISSUE",IF(R93<>"","OK","CHECK: note required"),"CHECK")))) -> OK
A94: SERH0093 | B94: 21 | C94: W000004821 | D94: Poems | E94: Rudyard Kipling | F94: OL15217334W | G94: OL19309121M | H94: A choice of Kipling's verse | J94: 1961 | K94: Faber & Faber | L94: /authors/OL24461A | M94: 306 | N94: HIGH | O94: ASSIGN_COMPONENT | P94: W000004821_C02 | Q94: HIGH | R94: A Choice of Kipling's Verse (Faber). | S94: =IF(P94="","",IFERROR(VLOOKUP(P94,Components!$E$2:$H$83,3,FALSE()),"INVALID")) -> A Choice of Kipling's Verse | T94: =IF(P94="","",IFERROR(VLOOKUP(P94,Components!$E$2:$H$83,4,FALSE()),"INVALID")) -> SUCCESSOR | U94: =IF(O94="","",IF(O94="ASSIGN_COMPONENT",IF(P94<>"","OK","CHECK: component required"),IF(O94="HOLD_UNRESOLVED",IF(P94="","OK","CHECK: clear component"),IF(O94="REGISTRY_ISSUE",IF(R94<>"","OK","CHECK: note required"),"CHECK")))) -> OK
A95: SERH0094 | B95: 21 | C95: W000004821 | D95: Poems | E95: Rudyard Kipling | F95: OL15217334W | G95: OL2211568M | H95: Rudyard Kipling | I95: something of myself and other autobiographical writings | J95: 1990 | K95: Cambridge University press | L95: /authors/OL24461A | M95: 294 | N95: HIGH | O95: ASSIGN_COMPONENT | P95: W000004821_C07 | Q95: HIGH | R95: Something of Myself / autobiographical writings (DETACH). | S95: =IF(P95="","",IFERROR(VLOOKUP(P95,Components!$E$2:$H$83,3,FALSE()),"INVALID")) -> Something of Myself / autobiographical writings | T95: =IF(P95="","",IFERROR(VLOOKUP(P95,Components!$E$2:$H$83,4,FALSE()),"INVALID")) -> DETACH | U95: =IF(O95="","",IF(O95="ASSIGN_COMPONENT",IF(P95<>"","OK","CHECK: component required"),IF(O95="HOLD_UNRESOLVED",IF(P95="","OK","CHECK: clear component"),IF(O95="REGISTRY_ISSUE",IF(R95<>"","OK","CHECK: note required"),"CHECK")))) -> OK
A96: SERH0095 | B96: 21 | C96: W000004821 | D96: Poems | E96: Rudyard Kipling | F96: OL15217334W | G96: OL23750740M | H96: Rudyard Kipling | I96: something of myself and other autobiographical writings | J96: 1990 | K96: Cambridge University press | L96: /authors/OL24461A | M96: 294 | N96: HIGH | O96: ASSIGN_COMPONENT | P96: W000004821_C07 | Q96: HIGH | R96: Something of Myself / autobiographical writings (DETACH). | S96: =IF(P96="","",IFERROR(VLOOKUP(P96,Components!$E$2:$H$83,3,FALSE()),"INVALID")) -> Something of Myself / autobiographical writings | T96: =IF(P96="","",IFERROR(VLOOKUP(P96,Components!$E$2:$H$83,4,FALSE()),"INVALID")) -> DETACH | U96: =IF(O96="","",IF(O96="ASSIGN_COMPONENT",IF(P96<>"","OK","CHECK: component required"),IF(O96="HOLD_UNRESOLVED",IF(P96="","OK","CHECK: clear component"),IF(O96="REGISTRY_ISSUE",IF(R96<>"","OK","CHECK: note required"),"CHECK")))) -> OK
A97: SERH0096 | B97: 21 | C97: W000004821 | D97: Poems | E97: Rudyard Kipling | F97: OL15217334W | G97: OL21662284M | H97: Rudyard Kipling | I97: 1865-1936. | J97: 1992 | K97: Jarrold | L97: /authors/OL24461A | M97: 144 | N97: HIGH | O97: HOLD_UNRESOLVED | Q97: MEDIUM | R97: Subtitle is only the lifespan '1865-1936.' (Jarrold 1992, 144 pp); contents not shown. | S97: =IF(P97="","",IFERROR(VLOOKUP(P97,Components!$E$2:$H$83,3,FALSE()),"INVALID")) | T97: =IF(P97="","",IFERROR(VLOOKUP(P97,Components!$E$2:$H$83,4,FALSE()),"INVALID")) | U97: =IF(O97="","",IF(O97="ASSIGN_COMPONENT",IF(P97<>"","OK","CHECK: component required"),IF(O97="HOLD_UNRESOLVED",IF(P97="","OK","CHECK: clear component"),IF(O97="REGISTRY_ISSUE",IF(R97<>"","OK","CHECK: note required"),"CHECK")))) -> OK
A98: SERH0097 | B98: 21 | C98: W000004821 | D98: Poems | E98: Rudyard Kipling | F98: OL15217334W | G98: OL10901041M | H98: Rudyard Kipling | I98: Selected Works | J98: 1994 | K98: Dorset Press | L98: /authors/OL24461A | N98: HIGH | O98: ASSIGN_COMPONENT | P98: W000004821_C08 | Q98: HIGH | R98: 'Selected Works' (DETACH). | S98: =IF(P98="","",IFERROR(VLOOKUP(P98,Components!$E$2:$H$83,3,FALSE()),"INVALID")) -> Stories from India / broad selected works | T98: =IF(P98="","",IFERROR(VLOOKUP(P98,Components!$E$2:$H$83,4,FALSE()),"INVALID")) -> DETACH | U98: =IF(O98="","",IF(O98="ASSIGN_COMPONENT",IF(P98<>"","OK","CHECK: component required"),IF(O98="HOLD_UNRESOLVED",IF(P98="","OK","CHECK: clear component"),IF(O98="REGISTRY_ISSUE",IF(R98<>"","OK","CHECK: note required"),"CHECK")))) -> OK
A99: SERH0098 | B99: 21 | C99: W000004821 | D99: Poems | E99: Rudyard Kipling | F99: OL15217334W | G99: OL45636M | H99: Rudyard Kipling | J99: 2000 | K99: Sterling | L99: /authors/OL24461A | M99: 48 | N99: HIGH | O99: ASSIGN_COMPONENT | P99: W000004821_C06 | Q99: MEDIUM | R99: Sterling 2000, 48 pp, no subtitle: matches the Sterling 'Poetry for Young People' entry in the frozen record (same publisher/format as the Stevenson rows SERH0108/0109). | S99: =IF(P99="","",IFERROR(VLOOKUP(P99,Components!$E$2:$H$83,3,FALSE()),"INVALID")) -> Selected Poems / Poetry for Young People | T99: =IF(P99="","",IFERROR(VLOOKUP(P99,Components!$E$2:$H$83,4,FALSE()),"INVALID")) -> SUCCESSOR | U99: =IF(O99="","",IF(O99="ASSIGN_COMPONENT",IF(P99<>"","OK","CHECK: component required"),IF(O99="HOLD_UNRESOLVED",IF(P99="","OK","CHECK: clear component"),IF(O99="REGISTRY_ISSUE",IF(R99<>"","OK","CHECK: note required"),"CHECK")))) -> OK
A100: SERH0099 | B100: 21 | C100: W000004821 | D100: Poems | E100: Rudyard Kipling | F100: OL15217334W | G100: OL9898632M | H100: Rudyard Kipling | J100: August 17, 1995 | K100: Kyle Cathie | L100: /authors/OL24461A | M100: 756 | N100: HIGH | O100: HOLD_UNRESOLVED | Q100: MEDIUM | R100: Kyle Cathie 1995, 756 pp, no subtitle. Length suggests The Complete Verse (C01) but nothing on the row confirms it. | S100: =IF(P100="","",IFERROR(VLOOKUP(P100,Components!$E$2:$H$83,3,FALSE()),"INVALID")) | T100: =IF(P100="","",IFERROR(VLOOKUP(P100,Components!$E$2:$H$83,4,FALSE()),"INVALID")) | U100: =IF(O100="","",IF(O100="ASSIGN_COMPONENT",IF(P100<>"","OK","CHECK: component required"),IF(O100="HOLD_UNRESOLVED",IF(P100="","OK","CHECK: clear component"),IF(O100="REGISTRY_ISSUE",IF(R100<>"","OK","CHECK: note required"),"CHECK")))) -> OK
...

Sheet Components
A1: remediation_priority_rank | B1: project_work_id | C1: r2_target_title | D1: r2_target_author | E1: component_id | F1: component_local_id | G1: component_label | H1: human_role_hint | I1: component_definition | J1: human_resolution_confidence
A2: 1 | B2: W000014024 | C2: Henry James | D2: Henry James | E2: W000014024_C01 | F2: C01 | G2: Autobiography | H2: SUCCESSOR | I2: Henry James editions identified as autobiography. | J2: HIGH
A3: 1 | B3: W000014024 | C3: Henry James | D3: Henry James | E3: W000014024_C02 | F3: C02 | G3: Letters to A.C. Benson and Auguste Monod | H3: SUCCESSOR | I3: The correspondence volume Letters to A.C. Benson and Auguste Monod. | J3: HIGH
A4: 1 | B4: W000014024 | C4: Henry James | D4: Henry James | E4: W000014024_C03 | F4: C03 | G4: A Life in Letters | H4: SUCCESSOR | I4: Editions of A Life in Letters. | J4: HIGH
A5: 1 | B5: W000014024 | C5: Henry James | D5: Henry James | E5: W000014024_C04 | F5: C04 | G5: Stories and tales selections | H5: SUCCESSOR | I5: Collected Stories, Selected Tales, stories of the supernatural, seven stories and studies, and substantially equivalent story/tale selections. | J5: HIGH
A6: 1 | B6: W000014024 | C6: Henry James | D6: Henry James | E6: W000014024_C05 | F6: C05 | G6: Selected-fiction / selected-novels omnibus | H6: SUCCESSOR | I6: Omnibus or selected-fiction editions combining named Henry James fiction, including Daisy Miller, Washington Square, The Portrait of a Lady, The Bostonians, and The Aspern Papers. Treat the omnibus as one edition-level component; do not split it into constituent novels. | J6: HIGH
A7: 1 | B7: W000014024 | C7: Henry James | D7: Henry James | E7: W000014024_C06 | F7: C06 | G7: Critical essays / essays on art and drama | H7: SUCCESSOR | I7: Critical-essay collections and essays on art or drama. | J7: HIGH
A8: 1 | B8: W000014024 | C8: Henry James | D8: Henry James | E8: W000014024_C07 | F8: C07 | G8: The Spoils of Poynton — Bodley Head volume | H8: SUCCESSOR | I8: The Bodley Head volume explicitly identified as The Spoils of Poynton. | J8: HIGH
A9: 1 | B9: W000014024 | C9: Henry James | D9: Henry James | E9: W000014024_C08 | F9: C08 | G9: Representative selections | H9: SUCCESSOR | I9: The 1941 representative-selections publication and clear manifestations of it. | J9: HIGH
A10: 2 | B10: W000031472 | C10: Galen | D10: Galen | E10: W000031472_C01 | F10: C01 | G10: On the Properties of Foodstuffs | H10: SUCCESSOR | I10: On the Properties of Foodstuffs / De alimentorum facultatibus. | J10: HIGH
A11: 2 | B11: W000031472 | C11: Galen | D11: Galen | E11: W000031472_C02 | F11: C02 | G11: On Diseases and Symptoms | H11: SUCCESSOR | I11: On Diseases and Symptoms. | J11: HIGH
A12: 2 | B12: W000031472 | C12: Galen | D12: Galen | E12: W000031472_C03 | F12: C03 | G12: On Antecedent Causes | H12: SUCCESSOR | I12: On Antecedent Causes. | J12: HIGH
... A83: 23 | B83: W000004923 | C83: Poems | D83: Rubén Darío | E83: W000004923_C06 | F83: C06 | G83: Cuentos / prose stories | H83: DETACH | I83: Cuentos and prose-story material that is not part of the poetry identity. | J83: HIGH

Sheet ValidationLists
A1: human_routing_decision | B1: human_confidence | D1: W000002404 | E1: W000003023 | F1: W000003030 | G1: W000004772 | H1: W000004821 | I1: W000004923 | J1: W000005351 | K1: W000005423 | L1: W000005682 | M1: W000013400 | N1: W000014024 | O1: W000014515 | P1: W000021761 | Q1: W000023649 | R1: W000030489 | S1: W000030498 | T1: W000031472
A2: ASSIGN_COMPONENT | B2: HIGH | D2: W000002404_C01 | E2: W000003023_C01 | F2: W000003030_C01 | G2: W000004772_C01 | H2: W000004821_C01 | I2: W000004923_C01 | J2: W000005351_C01 | K2: W000005423_C01 | L2: W000005682_C01 | M2: W000013400_C01 | N2: W000014024_C01 | O2: W000014515_C01 | P2: W000021761_C01 | Q2: W000023649_C01 | R2: W000030489_C01 | S2: W000030498_C01 | T2: W000031472_C01
A3: HOLD_UNRESOLVED | B3: MEDIUM | D3: W000002404_C02 | E3: W000003023_C02 | F3: W000003030_C02 | G3: W000004772_C02 | H3: W000004821_C02 | I3: W000004923_C02 | J3: W000005351_C02 | K3: W000005423_C02 | L3: W000005682_C02 | M3: W000013400_C02 | N3: W000014024_C02 | O3: W000014515_C02 | P3: W000021761_C02 | Q3: W000023649_C02 | R3: W000030489_C02 | S3: W000030498_C02 | T3: W000031472_C02
A4: REGISTRY_ISSUE | B4: LOW | D4: W000002404_C03 | E4: W000003023_C03 | G4: W000004772_C03 | H4: W000004821_C03 | I4: W000004923_C03 | J4: W000005351_C03 | K4: W000005423_C03 | L4: W000005682_C03 | M4: W000013400_C03 | N4: W000014024_C03 | O4: W000014515_C03 | P4: W000021761_C03 | Q4: W000023649_C03 | R4: W000030489_C03 | S4: W000030498_C03 | T4: W000031472_C03
D5: W000002404_C04 | G5: W000004772_C04 | H5: W000004821_C04 | I5: W000004923_C04 | J5: W000005351_C04 | K5: W000005423_C04 | L5: W000005682_C04 | M5: W000013400_C04 | N5: W000014024_C04 | O5: W000014515_C04 | P5: W000021761_C04 | Q5: W000023649_C04 | S5: W000030498_C04
H6: W000004821_C05 | I6: W000004923_C05 | K6: W000005423_C05 | N6: W000014024_C05 | O6: W000014515_C05 | P6: W000021761_C05 | Q6: W000023649_C05 | S6: W000030498_C05
H7: W000004821_C06 | I7: W000004923_C06 | K7: W000005423_C06 | N7: W000014024_C06 | O7: W000014515_C06 | P7: W000021761_C06 | S7: W000030498_C06
H8: W000004821_C07 | N8: W000014024_C07
H9: W000004821_C08 | N9: W000014024_C08
